{
  "__className__": "serverpod.DatabaseMigration",
  "actions": [
    {
      "__className__": "serverpod.DatabaseMigrationAction",
      "type": "alterTable",
      "alterTable": {
        "__className__": "serverpod.TableMigration",
        "name": "document_embedding",
        "schema": "public",
        "addColumns": [
          {
            "__className__": "serverpod.ColumnDefinition",
            "name": "embedding",
            "columnType": 0,
            "isNullable": true,
            "dartType": "String?"
          }
        ],
        "deleteColumns": [],
        "modifyColumns": [],
        "addIndexes": [
          {
            "__className__": "serverpod.IndexDefinition",
            "indexName": "idx_document_embedding_hnsw",
            "elements": [
              {
                "__className__": "serverpod.IndexElementDefinition",
                "type": 0,
                "definition": "embedding"
              }
            ],
            "type": "btree",
            "isUnique": false,
            "isPrimary": false
          }
        ],
        "deleteIndexes": [],
        "addForeignKeys": [],
        "deleteForeignKeys": [],
        "warnings": []
      }
    }
  ],
  "warnings": [],
  "migrationApiVersion": 1
}