{
  "__className__": "serverpod.DatabaseMigration",
  "actions": [
    {
      "__className__": "serverpod.DatabaseMigrationAction",
      "type": "createTable",
      "createTable": {
        "__className__": "serverpod.TableDefinition",
        "name": "document_embedding",
        "dartName": "DocumentEmbedding",
        "module": "semantic_butler",
        "schema": "public",
        "columns": [
          {
            "__className__": "serverpod.ColumnDefinition",
            "name": "id",
            "columnType": 6,
            "isNullable": false,
            "columnDefault": "nextval('document_embedding_id_seq'::regclass)",
            "dartType": "int?"
          },
          {
            "__className__": "serverpod.ColumnDefinition",
            "name": "fileIndexId",
            "columnType": 6,
            "isNullable": false,
            "dartType": "int"
          },
          {
            "__className__": "serverpod.ColumnDefinition",
            "name": "chunkIndex",
            "columnType": 6,
            "isNullable": false,
            "dartType": "int"
          },
          {
            "__className__": "serverpod.ColumnDefinition",
            "name": "chunkText",
            "columnType": 0,
            "isNullable": true,
            "dartType": "String?"
          },
          {
            "__className__": "serverpod.ColumnDefinition",
            "name": "embeddingJson",
            "columnType": 0,
            "isNullable": false,
            "dartType": "String"
          },
          {
            "__className__": "serverpod.ColumnDefinition",
            "name": "dimensions",
            "columnType": 6,
            "isNullable": false,
            "dartType": "int"
          }
        ],
        "foreignKeys": [],
        "indexes": [
          {
            "__className__": "serverpod.IndexDefinition",
            "indexName": "document_embedding_pkey",
            "elements": [
              {
                "__className__": "serverpod.IndexElementDefinition",
                "type": 0,
                "definition": "id"
              }
            ],
            "type": "btree",
            "isUnique": true,
            "isPrimary": true
          },
          {
            "__className__": "serverpod.IndexDefinition",
            "indexName": "document_embedding_file_index",
            "elements": [
              {
                "__className__": "serverpod.IndexElementDefinition",
                "type": 0,
                "definition": "fileIndexId"
              }
            ],
            "type": "btree",
            "isUnique": false,
            "isPrimary": false
          },
          {
            "__className__": "serverpod.IndexDefinition",
            "indexName": "document_embedding_file_chunk",
            "elements": [
              {
                "__className__": "serverpod.IndexElementDefinition",
                "type": 0,
                "definition": "fileIndexId"
              },
              {
                "__className__": "serverpod.IndexElementDefinition",
                "type": 0,
                "definition": "chunkIndex"
              }
            ],
            "type": "btree",
            "isUnique": true,
            "isPrimary": false
          }
        ],
        "managed": true
      }
    },
    {
      "__className__": "serverpod.DatabaseMigrationAction",
      "type": "createTable",
      "createTable": {
        "__className__": "serverpod.TableDefinition",
        "name": "file_index",
        "dartName": "FileIndex",
        "module": "semantic_butler",
        "schema": "public",
        "columns": [
          {
            "__className__": "serverpod.ColumnDefinition",
            "name": "id",
            "columnType": 6,
            "isNullable": false,
            "columnDefault": "nextval('file_index_id_seq'::regclass)",
            "dartType": "int?"
          },
          {
            "__className__": "serverpod.ColumnDefinition",
            "name": "path",
            "columnType": 0,
            "isNullable": false,
            "dartType": "String"
          },
          {
            "__className__": "serverpod.ColumnDefinition",
            "name": "fileName",
            "columnType": 0,
            "isNullable": false,
            "dartType": "String"
          },
          {
            "__className__": "serverpod.ColumnDefinition",
            "name": "contentHash",
            "columnType": 0,
            "isNullable": false,
            "dartType": "String"
          },
          {
            "__className__": "serverpod.ColumnDefinition",
            "name": "fileSizeBytes",
            "columnType": 6,
            "isNullable": false,
            "dartType": "int"
          },
          {
            "__className__": "serverpod.ColumnDefinition",
            "name": "mimeType",
            "columnType": 0,
            "isNullable": true,
            "dartType": "String?"
          },
          {
            "__className__": "serverpod.ColumnDefinition",
            "name": "contentPreview",
            "columnType": 0,
            "isNullable": true,
            "dartType": "String?"
          },
          {
            "__className__": "serverpod.ColumnDefinition",
            "name": "tagsJson",
            "columnType": 0,
            "isNullable": true,
            "dartType": "String?"
          },
          {
            "__className__": "serverpod.ColumnDefinition",
            "name": "status",
            "columnType": 0,
            "isNullable": false,
            "dartType": "String"
          },
          {
            "__className__": "serverpod.ColumnDefinition",
            "name": "errorMessage",
            "columnType": 0,
            "isNullable": true,
            "dartType": "String?"
          },
          {
            "__className__": "serverpod.ColumnDefinition",
            "name": "embeddingModel",
            "columnType": 0,
            "isNullable": true,
            "dartType": "String?"
          },
          {
            "__className__": "serverpod.ColumnDefinition",
            "name": "indexedAt",
            "columnType": 4,
            "isNullable": true,
            "dartType": "DateTime?"
          }
        ],
        "foreignKeys": [],
        "indexes": [
          {
            "__className__": "serverpod.IndexDefinition",
            "indexName": "file_index_pkey",
            "elements": [
              {
                "__className__": "serverpod.IndexElementDefinition",
                "type": 0,
                "definition": "id"
              }
            ],
            "type": "btree",
            "isUnique": true,
            "isPrimary": true
          },
          {
            "__className__": "serverpod.IndexDefinition",
            "indexName": "file_index_path_unique",
            "elements": [
              {
                "__className__": "serverpod.IndexElementDefinition",
                "type": 0,
                "definition": "path"
              }
            ],
            "type": "btree",
            "isUnique": true,
            "isPrimary": false
          },
          {
            "__className__": "serverpod.IndexDefinition",
            "indexName": "file_index_content_hash",
            "elements": [
              {
                "__className__": "serverpod.IndexElementDefinition",
                "type": 0,
                "definition": "contentHash"
              }
            ],
            "type": "btree",
            "isUnique": false,
            "isPrimary": false
          },
          {
            "__className__": "serverpod.IndexDefinition",
            "indexName": "file_index_status",
            "elements": [
              {
                "__className__": "serverpod.IndexElementDefinition",
                "type": 0,
                "definition": "status"
              }
            ],
            "type": "btree",
            "isUnique": false,
            "isPrimary": false
          }
        ],
        "managed": true
      }
    },
    {
      "__className__": "serverpod.DatabaseMigrationAction",
      "type": "createTable",
      "createTable": {
        "__className__": "serverpod.TableDefinition",
        "name": "indexing_job",
        "dartName": "IndexingJob",
        "module": "semantic_butler",
        "schema": "public",
        "columns": [
          {
            "__className__": "serverpod.ColumnDefinition",
            "name": "id",
            "columnType": 6,
            "isNullable": false,
            "columnDefault": "nextval('indexing_job_id_seq'::regclass)",
            "dartType": "int?"
          },
          {
            "__className__": "serverpod.ColumnDefinition",
            "name": "folderPath",
            "columnType": 0,
            "isNullable": false,
            "dartType": "String"
          },
          {
            "__className__": "serverpod.ColumnDefinition",
            "name": "status",
            "columnType": 0,
            "isNullable": false,
            "dartType": "String"
          },
          {
            "__className__": "serverpod.ColumnDefinition",
            "name": "totalFiles",
            "columnType": 6,
            "isNullable": false,
            "dartType": "int"
          },
          {
            "__className__": "serverpod.ColumnDefinition",
            "name": "processedFiles",
            "columnType": 6,
            "isNullable": false,
            "dartType": "int"
          },
          {
            "__className__": "serverpod.ColumnDefinition",
            "name": "failedFiles",
            "columnType": 6,
            "isNullable": false,
            "dartType": "int"
          },
          {
            "__className__": "serverpod.ColumnDefinition",
            "name": "skippedFiles",
            "columnType": 6,
            "isNullable": false,
            "dartType": "int"
          },
          {
            "__className__": "serverpod.ColumnDefinition",
            "name": "startedAt",
            "columnType": 4,
            "isNullable": true,
            "dartType": "DateTime?"
          },
          {
            "__className__": "serverpod.ColumnDefinition",
            "name": "completedAt",
            "columnType": 4,
            "isNullable": true,
            "dartType": "DateTime?"
          },
          {
            "__className__": "serverpod.ColumnDefinition",
            "name": "errorMessage",
            "columnType": 0,
            "isNullable": true,
            "dartType": "String?"
          }
        ],
        "foreignKeys": [],
        "indexes": [
          {
            "__className__": "serverpod.IndexDefinition",
            "indexName": "indexing_job_pkey",
            "elements": [
              {
                "__className__": "serverpod.IndexElementDefinition",
                "type": 0,
                "definition": "id"
              }
            ],
            "type": "btree",
            "isUnique": true,
            "isPrimary": true
          },
          {
            "__className__": "serverpod.IndexDefinition",
            "indexName": "indexing_job_status",
            "elements": [
              {
                "__className__": "serverpod.IndexElementDefinition",
                "type": 0,
                "definition": "status"
              }
            ],
            "type": "btree",
            "isUnique": false,
            "isPrimary": false
          },
          {
            "__className__": "serverpod.IndexDefinition",
            "indexName": "indexing_job_folder",
            "elements": [
              {
                "__className__": "serverpod.IndexElementDefinition",
                "type": 0,
                "definition": "folderPath"
              }
            ],
            "type": "btree",
            "isUnique": false,
            "isPrimary": false
          }
        ],
        "managed": true
      }
    },
    {
      "__className__": "serverpod.DatabaseMigrationAction",
      "type": "createTable",
      "createTable": {
        "__className__": "serverpod.TableDefinition",
        "name": "search_history",
        "dartName": "SearchHistory",
        "module": "semantic_butler",
        "schema": "public",
        "columns": [
          {
            "__className__": "serverpod.ColumnDefinition",
            "name": "id",
            "columnType": 6,
            "isNullable": false,
            "columnDefault": "nextval('search_history_id_seq'::regclass)",
            "dartType": "int?"
          },
          {
            "__className__": "serverpod.ColumnDefinition",
            "name": "query",
            "columnType": 0,
            "isNullable": false,
            "dartType": "String"
          },
          {
            "__className__": "serverpod.ColumnDefinition",
            "name": "resultCount",
            "columnType": 6,
            "isNullable": false,
            "dartType": "int"
          },
          {
            "__className__": "serverpod.ColumnDefinition",
            "name": "topResultId",
            "columnType": 6,
            "isNullable": true,
            "dartType": "int?"
          },
          {
            "__className__": "serverpod.ColumnDefinition",
            "name": "queryTimeMs",
            "columnType": 6,
            "isNullable": false,
            "dartType": "int"
          },
          {
            "__className__": "serverpod.ColumnDefinition",
            "name": "searchedAt",
            "columnType": 4,
            "isNullable": false,
            "dartType": "DateTime"
          }
        ],
        "foreignKeys": [],
        "indexes": [
          {
            "__className__": "serverpod.IndexDefinition",
            "indexName": "search_history_pkey",
            "elements": [
              {
                "__className__": "serverpod.IndexElementDefinition",
                "type": 0,
                "definition": "id"
              }
            ],
            "type": "btree",
            "isUnique": true,
            "isPrimary": true
          },
          {
            "__className__": "serverpod.IndexDefinition",
            "indexName": "search_history_queried_at",
            "elements": [
              {
                "__className__": "serverpod.IndexElementDefinition",
                "type": 0,
                "definition": "searchedAt"
              }
            ],
            "type": "btree",
            "isUnique": false,
            "isPrimary": false
          }
        ],
        "managed": true
      }
    }
  ],
  "warnings": [],
  "migrationApiVersion": 1
}