{
  "__className__": "serverpod.DatabaseMigration",
  "actions": [
    {
      "__className__": "serverpod.DatabaseMigrationAction",
      "type": "createTable",
      "createTable": {
        "__className__": "serverpod.TableDefinition",
        "name": "tag_taxonomy",
        "dartName": "TagTaxonomy",
        "module": "semantic_butler",
        "schema": "public",
        "columns": [
          {
            "__className__": "serverpod.ColumnDefinition",
            "name": "id",
            "columnType": 6,
            "isNullable": false,
            "columnDefault": "nextval('tag_taxonomy_id_seq'::regclass)",
            "dartType": "int?"
          },
          {
            "__className__": "serverpod.ColumnDefinition",
            "name": "category",
            "columnType": 0,
            "isNullable": false,
            "dartType": "String"
          },
          {
            "__className__": "serverpod.ColumnDefinition",
            "name": "tagValue",
            "columnType": 0,
            "isNullable": false,
            "dartType": "String"
          },
          {
            "__className__": "serverpod.ColumnDefinition",
            "name": "frequency",
            "columnType": 6,
            "isNullable": false,
            "dartType": "int"
          },
          {
            "__className__": "serverpod.ColumnDefinition",
            "name": "firstSeenAt",
            "columnType": 4,
            "isNullable": false,
            "dartType": "DateTime"
          },
          {
            "__className__": "serverpod.ColumnDefinition",
            "name": "lastSeenAt",
            "columnType": 4,
            "isNullable": false,
            "dartType": "DateTime"
          }
        ],
        "foreignKeys": [],
        "indexes": [
          {
            "__className__": "serverpod.IndexDefinition",
            "indexName": "tag_taxonomy_pkey",
            "elements": [
              {
                "__className__": "serverpod.IndexElementDefinition",
                "type": 0,
                "definition": "id"
              }
            ],
            "type": "btree",
            "isUnique": true,
            "isPrimary": true
          },
          {
            "__className__": "serverpod.IndexDefinition",
            "indexName": "tag_taxonomy_category_idx",
            "elements": [
              {
                "__className__": "serverpod.IndexElementDefinition",
                "type": 0,
                "definition": "category"
              }
            ],
            "type": "btree",
            "isUnique": false,
            "isPrimary": false
          },
          {
            "__className__": "serverpod.IndexDefinition",
            "indexName": "tag_taxonomy_value_idx",
            "elements": [
              {
                "__className__": "serverpod.IndexElementDefinition",
                "type": 0,
                "definition": "tagValue"
              }
            ],
            "type": "btree",
            "isUnique": false,
            "isPrimary": false
          },
          {
            "__className__": "serverpod.IndexDefinition",
            "indexName": "tag_taxonomy_frequency_idx",
            "elements": [
              {
                "__className__": "serverpod.IndexElementDefinition",
                "type": 0,
                "definition": "frequency"
              }
            ],
            "type": "btree",
            "isUnique": false,
            "isPrimary": false
          }
        ],
        "managed": true
      }
    }
  ],
  "warnings": [],
  "migrationApiVersion": 1
}