{
  "__className__": "serverpod.DatabaseMigration",
  "actions": [
    {
      "__className__": "serverpod.DatabaseMigrationAction",
      "type": "createTable",
      "createTable": {
        "__className__": "serverpod.TableDefinition",
        "name": "serverpod_cloud_storage",
        "dartName": "CloudStorageEntry",
        "module": "serverpod",
        "schema": "public",
        "columns": [
          {
            "__className__": "serverpod.ColumnDefinition",
            "name": "id",
            "columnType": 6,
            "isNullable": false,
            "columnDefault": "nextval('serverpod_cloud_storage_id_seq'::regclass)",
            "dartType": "int?"
          },
          {
            "__className__": "serverpod.ColumnDefinition",
            "name": "storageId",
            "columnType": 0,
            "isNullable": false,
            "dartType": "String"
          },
          {
            "__className__": "serverpod.ColumnDefinition",
            "name": "path",
            "columnType": 0,
            "isNullable": false,
            "dartType": "String"
          },
          {
            "__className__": "serverpod.ColumnDefinition",
            "name": "addedTime",
            "columnType": 4,
            "isNullable": false,
            "dartType": "DateTime"
          },
          {
            "__className__": "serverpod.ColumnDefinition",
            "name": "expiration",
            "columnType": 4,
            "isNullable": true,
            "dartType": "DateTime?"
          },
          {
            "__className__": "serverpod.ColumnDefinition",
            "name": "byteData",
            "columnType": 5,
            "isNullable": false,
            "dartType": "dart:typed_data:ByteData"
          },
          {
            "__className__": "serverpod.ColumnDefinition",
            "name": "verified",
            "columnType": 1,
            "isNullable": false,
            "dartType": "bool"
          }
        ],
        "foreignKeys": [],
        "indexes": [
          {
            "__className__": "serverpod.IndexDefinition",
            "indexName": "serverpod_cloud_storage_pkey",
            "elements": [
              {
                "__className__": "serverpod.IndexElementDefinition",
                "type": 0,
                "definition": "id"
              }
            ],
            "type": "btree",
            "isUnique": true,
            "isPrimary": true
          },
          {
            "__className__": "serverpod.IndexDefinition",
            "indexName": "serverpod_cloud_storage_path_idx",
            "elements": [
              {
                "__className__": "serverpod.IndexElementDefinition",
                "type": 0,
                "definition": "storageId"
              },
              {
                "__className__": "serverpod.IndexElementDefinition",
                "type": 0,
                "definition": "path"
              }
            ],
            "type": "btree",
            "isUnique": true,
            "isPrimary": false
          },
          {
            "__className__": "serverpod.IndexDefinition",
            "indexName": "serverpod_cloud_storage_expiration",
            "elements": [
              {
                "__className__": "serverpod.IndexElementDefinition",
                "type": 0,
                "definition": "expiration"
              }
            ],
            "type": "btree",
            "isUnique": false,
            "isPrimary": false
          }
        ],
        "managed": true
      }
    },
    {
      "__className__": "serverpod.DatabaseMigrationAction",
      "type": "createTable",
      "createTable": {
        "__className__": "serverpod.TableDefinition",
        "name": "serverpod_cloud_storage_direct_upload",
        "dartName": "CloudStorageDirectUploadEntry",
        "module": "serverpod",
        "schema": "public",
        "columns": [
          {
            "__className__": "serverpod.ColumnDefinition",
            "name": "id",
            "columnType": 6,
            "isNullable": false,
            "columnDefault": "nextval('serverpod_cloud_storage_direct_upload_id_seq'::regclass)",
            "dartType": "int?"
          },
          {
            "__className__": "serverpod.ColumnDefinition",
            "name": "storageId",
            "columnType": 0,
            "isNullable": false,
            "dartType": "String"
          },
          {
            "__className__": "serverpod.ColumnDefinition",
            "name": "path",
            "columnType": 0,
            "isNullable": false,
            "dartType": "String"
          },
          {
            "__className__": "serverpod.ColumnDefinition",
            "name": "expiration",
            "columnType": 4,
            "isNullable": false,
            "dartType": "DateTime"
          },
          {
            "__className__": "serverpod.ColumnDefinition",
            "name": "authKey",
            "columnType": 0,
            "isNullable": false,
            "dartType": "String"
          }
        ],
        "foreignKeys": [],
        "indexes": [
          {
            "__className__": "serverpod.IndexDefinition",
            "indexName": "serverpod_cloud_storage_direct_upload_pkey",
            "elements": [
              {
                "__className__": "serverpod.IndexElementDefinition",
                "type": 0,
                "definition": "id"
              }
            ],
            "type": "btree",
            "isUnique": true,
            "isPrimary": true
          },
          {
            "__className__": "serverpod.IndexDefinition",
            "indexName": "serverpod_cloud_storage_direct_upload_storage_path",
            "elements": [
              {
                "__className__": "serverpod.IndexElementDefinition",
                "type": 0,
                "definition": "storageId"
              },
              {
                "__className__": "serverpod.IndexElementDefinition",
                "type": 0,
                "definition": "path"
              }
            ],
            "type": "btree",
            "isUnique": true,
            "isPrimary": false
          }
        ],
        "managed": true
      }
    },
    {
      "__className__": "serverpod.DatabaseMigrationAction",
      "type": "createTable",
      "createTable": {
        "__className__": "serverpod.TableDefinition",
        "name": "serverpod_future_call",
        "dartName": "FutureCallEntry",
        "module": "serverpod",
        "schema": "public",
        "columns": [
          {
            "__className__": "serverpod.ColumnDefinition",
            "name": "id",
            "columnType": 6,
            "isNullable": false,
            "columnDefault": "nextval('serverpod_future_call_id_seq'::regclass)",
            "dartType": "int?"
          },
          {
            "__className__": "serverpod.ColumnDefinition",
            "name": "name",
            "columnType": 0,
            "isNullable": false,
            "dartType": "String"
          },
          {
            "__className__": "serverpod.ColumnDefinition",
            "name": "time",
            "columnType": 4,
            "isNullable": false,
            "dartType": "DateTime"
          },
          {
            "__className__": "serverpod.ColumnDefinition",
            "name": "serializedObject",
            "columnType": 0,
            "isNullable": true,
            "dartType": "String?"
          },
          {
            "__className__": "serverpod.ColumnDefinition",
            "name": "serverId",
            "columnType": 0,
            "isNullable": false,
            "dartType": "String"
          },
          {
            "__className__": "serverpod.ColumnDefinition",
            "name": "identifier",
            "columnType": 0,
            "isNullable": true,
            "dartType": "String?"
          }
        ],
        "foreignKeys": [],
        "indexes": [
          {
            "__className__": "serverpod.IndexDefinition",
            "indexName": "serverpod_future_call_pkey",
            "elements": [
              {
                "__className__": "serverpod.IndexElementDefinition",
                "type": 0,
                "definition": "id"
              }
            ],
            "type": "btree",
            "isUnique": true,
            "isPrimary": true
          },
          {
            "__className__": "serverpod.IndexDefinition",
            "indexName": "serverpod_future_call_time_idx",
            "elements": [
              {
                "__className__": "serverpod.IndexElementDefinition",
                "type": 0,
                "definition": "time"
              }
            ],
            "type": "btree",
            "isUnique": false,
            "isPrimary": false
          },
          {
            "__className__": "serverpod.IndexDefinition",
            "indexName": "serverpod_future_call_serverId_idx",
            "elements": [
              {
                "__className__": "serverpod.IndexElementDefinition",
                "type": 0,
                "definition": "serverId"
              }
            ],
            "type": "btree",
            "isUnique": false,
            "isPrimary": false
          },
          {
            "__className__": "serverpod.IndexDefinition",
            "indexName": "serverpod_future_call_identifier_idx",
            "elements": [
              {
                "__className__": "serverpod.IndexElementDefinition",
                "type": 0,
                "definition": "identifier"
              }
            ],
            "type": "btree",
            "isUnique": false,
            "isPrimary": false
          }
        ],
        "managed": true
      }
    },
    {
      "__className__": "serverpod.DatabaseMigrationAction",
      "type": "createTable",
      "createTable": {
        "__className__": "serverpod.TableDefinition",
        "name": "serverpod_health_connection_info",
        "dartName": "ServerHealthConnectionInfo",
        "module": "serverpod",
        "schema": "public",
        "columns": [
          {
            "__className__": "serverpod.ColumnDefinition",
            "name": "id",
            "columnType": 6,
            "isNullable": false,
            "columnDefault": "nextval('serverpod_health_connection_info_id_seq'::regclass)",
            "dartType": "int?"
          },
          {
            "__className__": "serverpod.ColumnDefinition",
            "name": "serverId",
            "columnType": 0,
            "isNullable": false,
            "dartType": "String"
          },
          {
            "__className__": "serverpod.ColumnDefinition",
            "name": "timestamp",
            "columnType": 4,
            "isNullable": false,
            "dartType": "DateTime"
          },
          {
            "__className__": "serverpod.ColumnDefinition",
            "name": "active",
            "columnType": 6,
            "isNullable": false,
            "dartType": "int"
          },
          {
            "__className__": "serverpod.ColumnDefinition",
            "name": "closing",
            "columnType": 6,
            "isNullable": false,
            "dartType": "int"
          },
          {
            "__className__": "serverpod.ColumnDefinition",
            "name": "idle",
            "columnType": 6,
            "isNullable": false,
            "dartType": "int"
          },
          {
            "__className__": "serverpod.ColumnDefinition",
            "name": "granularity",
            "columnType": 6,
            "isNullable": false,
            "dartType": "int"
          }
        ],
        "foreignKeys": [],
        "indexes": [
          {
            "__className__": "serverpod.IndexDefinition",
            "indexName": "serverpod_health_connection_info_pkey",
            "elements": [
              {
                "__className__": "serverpod.IndexElementDefinition",
                "type": 0,
                "definition": "id"
              }
            ],
            "type": "btree",
            "isUnique": true,
            "isPrimary": true
          },
          {
            "__className__": "serverpod.IndexDefinition",
            "indexName": "serverpod_health_connection_info_timestamp_idx",
            "elements": [
              {
                "__className__": "serverpod.IndexElementDefinition",
                "type": 0,
                "definition": "timestamp"
              },
              {
                "__className__": "serverpod.IndexElementDefinition",
                "type": 0,
                "definition": "serverId"
              },
              {
                "__className__": "serverpod.IndexElementDefinition",
                "type": 0,
                "definition": "granularity"
              }
            ],
            "type": "btree",
            "isUnique": true,
            "isPrimary": false
          }
        ],
        "managed": true
      }
    },
    {
      "__className__": "serverpod.DatabaseMigrationAction",
      "type": "createTable",
      "createTable": {
        "__className__": "serverpod.TableDefinition",
        "name": "serverpod_health_metric",
        "dartName": "ServerHealthMetric",
        "module": "serverpod",
        "schema": "public",
        "columns": [
          {
            "__className__": "serverpod.ColumnDefinition",
            "name": "id",
            "columnType": 6,
            "isNullable": false,
            "columnDefault": "nextval('serverpod_health_metric_id_seq'::regclass)",
            "dartType": "int?"
          },
          {
            "__className__": "serverpod.ColumnDefinition",
            "name": "name",
            "columnType": 0,
            "isNullable": false,
            "dartType": "String"
          },
          {
            "__className__": "serverpod.ColumnDefinition",
            "name": "serverId",
            "columnType": 0,
            "isNullable": false,
            "dartType": "String"
          },
          {
            "__className__": "serverpod.ColumnDefinition",
            "name": "timestamp",
            "columnType": 4,
            "isNullable": false,
            "dartType": "DateTime"
          },
          {
            "__className__": "serverpod.ColumnDefinition",
            "name": "isHealthy",
            "columnType": 1,
            "isNullable": false,
            "dartType": "bool"
          },
          {
            "__className__": "serverpod.ColumnDefinition",
            "name": "value",
            "columnType": 3,
            "isNullable": false,
            "dartType": "double"
          },
          {
            "__className__": "serverpod.ColumnDefinition",
            "name": "granularity",
            "columnType": 6,
            "isNullable": false,
            "dartType": "int"
          }
        ],
        "foreignKeys": [],
        "indexes": [
          {
            "__className__": "serverpod.IndexDefinition",
            "indexName": "serverpod_health_metric_pkey",
            "elements": [
              {
                "__className__": "serverpod.IndexElementDefinition",
                "type": 0,
                "definition": "id"
              }
            ],
            "type": "btree",
            "isUnique": true,
            "isPrimary": true
          },
          {
            "__className__": "serverpod.IndexDefinition",
            "indexName": "serverpod_health_metric_timestamp_idx",
            "elements": [
              {
                "__className__": "serverpod.IndexElementDefinition",
                "type": 0,
                "definition": "timestamp"
              },
              {
                "__className__": "serverpod.IndexElementDefinition",
                "type": 0,
                "definition": "serverId"
              },
              {
                "__className__": "serverpod.IndexElementDefinition",
                "type": 0,
                "definition": "name"
              },
              {
                "__className__": "serverpod.IndexElementDefinition",
                "type": 0,
                "definition": "granularity"
              }
            ],
            "type": "btree",
            "isUnique": true,
            "isPrimary": false
          }
        ],
        "managed": true
      }
    },
    {
      "__className__": "serverpod.DatabaseMigrationAction",
      "type": "createTable",
      "createTable": {
        "__className__": "serverpod.TableDefinition",
        "name": "serverpod_log",
        "dartName": "LogEntry",
        "module": "serverpod",
        "schema": "public",
        "columns": [
          {
            "__className__": "serverpod.ColumnDefinition",
            "name": "id",
            "columnType": 6,
            "isNullable": false,
            "columnDefault": "nextval('serverpod_log_id_seq'::regclass)",
            "dartType": "int?"
          },
          {
            "__className__": "serverpod.ColumnDefinition",
            "name": "sessionLogId",
            "columnType": 6,
            "isNullable": false,
            "dartType": "int"
          },
          {
            "__className__": "serverpod.ColumnDefinition",
            "name": "messageId",
            "columnType": 6,
            "isNullable": true,
            "dartType": "int?"
          },
          {
            "__className__": "serverpod.ColumnDefinition",
            "name": "reference",
            "columnType": 0,
            "isNullable": true,
            "dartType": "String?"
          },
          {
            "__className__": "serverpod.ColumnDefinition",
            "name": "serverId",
            "columnType": 0,
            "isNullable": false,
            "dartType": "String"
          },
          {
            "__className__": "serverpod.ColumnDefinition",
            "name": "time",
            "columnType": 4,
            "isNullable": false,
            "dartType": "DateTime"
          },
          {
            "__className__": "serverpod.ColumnDefinition",
            "name": "logLevel",
            "columnType": 6,
            "isNullable": false,
            "dartType": "protocol:LogLevel"
          },
          {
            "__className__": "serverpod.ColumnDefinition",
            "name": "message",
            "columnType": 0,
            "isNullable": false,
            "dartType": "String"
          },
          {
            "__className__": "serverpod.ColumnDefinition",
            "name": "error",
            "columnType": 0,
            "isNullable": true,
            "dartType": "String?"
          },
          {
            "__className__": "serverpod.ColumnDefinition",
            "name": "stackTrace",
            "columnType": 0,
            "isNullable": true,
            "dartType": "String?"
          },
          {
            "__className__": "serverpod.ColumnDefinition",
            "name": "order",
            "columnType": 6,
            "isNullable": false,
            "dartType": "int"
          }
        ],
        "foreignKeys": [
          {
            "__className__": "serverpod.ForeignKeyDefinition",
            "constraintName": "serverpod_log_fk_0",
            "columns": [
              "sessionLogId"
            ],
            "referenceTable": "serverpod_session_log",
            "referenceTableSchema": "public",
            "referenceColumns": [
              "id"
            ],
            "onUpdate": 3,
            "onDelete": 4
          }
        ],
        "indexes": [
          {
            "__className__": "serverpod.IndexDefinition",
            "indexName": "serverpod_log_pkey",
            "elements": [
              {
                "__className__": "serverpod.IndexElementDefinition",
                "type": 0,
                "definition": "id"
              }
            ],
            "type": "btree",
            "isUnique": true,
            "isPrimary": true
          },
          {
            "__className__": "serverpod.IndexDefinition",
            "indexName": "serverpod_log_sessionLogId_idx",
            "elements": [
              {
                "__className__": "serverpod.IndexElementDefinition",
                "type": 0,
                "definition": "sessionLogId"
              }
            ],
            "type": "btree",
            "isUnique": false,
            "isPrimary": false
          }
        ],
        "managed": true
      }
    },
    {
      "__className__": "serverpod.DatabaseMigrationAction",
      "type": "createTable",
      "createTable": {
        "__className__": "serverpod.TableDefinition",
        "name": "serverpod_message_log",
        "dartName": "MessageLogEntry",
        "module": "serverpod",
        "schema": "public",
        "columns": [
          {
            "__className__": "serverpod.ColumnDefinition",
            "name": "id",
            "columnType": 6,
            "isNullable": false,
            "columnDefault": "nextval('serverpod_message_log_id_seq'::regclass)",
            "dartType": "int?"
          },
          {
            "__className__": "serverpod.ColumnDefinition",
            "name": "sessionLogId",
            "columnType": 6,
            "isNullable": false,
            "dartType": "int"
          },
          {
            "__className__": "serverpod.ColumnDefinition",
            "name": "serverId",
            "columnType": 0,
            "isNullable": false,
            "dartType": "String"
          },
          {
            "__className__": "serverpod.ColumnDefinition",
            "name": "messageId",
            "columnType": 6,
            "isNullable": false,
            "dartType": "int"
          },
          {
            "__className__": "serverpod.ColumnDefinition",
            "name": "endpoint",
            "columnType": 0,
            "isNullable": false,
            "dartType": "String"
          },
          {
            "__className__": "serverpod.ColumnDefinition",
            "name": "messageName",
            "columnType": 0,
            "isNullable": false,
            "dartType": "String"
          },
          {
            "__className__": "serverpod.ColumnDefinition",
            "name": "duration",
            "columnType": 3,
            "isNullable": false,
            "dartType": "double"
          },
          {
            "__className__": "serverpod.ColumnDefinition",
            "name": "error",
            "columnType": 0,
            "isNullable": true,
            "dartType": "String?"
          },
          {
            "__className__": "serverpod.ColumnDefinition",
            "name": "stackTrace",
            "columnType": 0,
            "isNullable": true,
            "dartType": "String?"
          },
          {
            "__className__": "serverpod.ColumnDefinition",
            "name": "slow",
            "columnType": 1,
            "isNullable": false,
            "dartType": "bool"
          },
          {
            "__className__": "serverpod.ColumnDefinition",
            "name": "order",
            "columnType": 6,
            "isNullable": false,
            "dartType": "int"
          }
        ],
        "foreignKeys": [
          {
            "__className__": "serverpod.ForeignKeyDefinition",
            "constraintName": "serverpod_message_log_fk_0",
            "columns": [
              "sessionLogId"
            ],
            "referenceTable": "serverpod_session_log",
            "referenceTableSchema": "public",
            "referenceColumns": [
              "id"
            ],
            "onUpdate": 3,
            "onDelete": 4
          }
        ],
        "indexes": [
          {
            "__className__": "serverpod.IndexDefinition",
            "indexName": "serverpod_message_log_pkey",
            "elements": [
              {
                "__className__": "serverpod.IndexElementDefinition",
                "type": 0,
                "definition": "id"
              }
            ],
            "type": "btree",
            "isUnique": true,
            "isPrimary": true
          }
        ],
        "managed": true
      }
    },
    {
      "__className__": "serverpod.DatabaseMigrationAction",
      "type": "createTable",
      "createTable": {
        "__className__": "serverpod.TableDefinition",
        "name": "serverpod_method",
        "dartName": "MethodInfo",
        "module": "serverpod",
        "schema": "public",
        "columns": [
          {
            "__className__": "serverpod.ColumnDefinition",
            "name": "id",
            "columnType": 6,
            "isNullable": false,
            "columnDefault": "nextval('serverpod_method_id_seq'::regclass)",
            "dartType": "int?"
          },
          {
            "__className__": "serverpod.ColumnDefinition",
            "name": "endpoint",
            "columnType": 0,
            "isNullable": false,
            "dartType": "String"
          },
          {
            "__className__": "serverpod.ColumnDefinition",
            "name": "method",
            "columnType": 0,
            "isNullable": false,
            "dartType": "String"
          }
        ],
        "foreignKeys": [],
        "indexes": [
          {
            "__className__": "serverpod.IndexDefinition",
            "indexName": "serverpod_method_pkey",
            "elements": [
              {
                "__className__": "serverpod.IndexElementDefinition",
                "type": 0,
                "definition": "id"
              }
            ],
            "type": "btree",
            "isUnique": true,
            "isPrimary": true
          },
          {
            "__className__": "serverpod.IndexDefinition",
            "indexName": "serverpod_method_endpoint_method_idx",
            "elements": [
              {
                "__className__": "serverpod.IndexElementDefinition",
                "type": 0,
                "definition": "endpoint"
              },
              {
                "__className__": "serverpod.IndexElementDefinition",
                "type": 0,
                "definition": "method"
              }
            ],
            "type": "btree",
            "isUnique": true,
            "isPrimary": false
          }
        ],
        "managed": true
      }
    },
    {
      "__className__": "serverpod.DatabaseMigrationAction",
      "type": "createTable",
      "createTable": {
        "__className__": "serverpod.TableDefinition",
        "name": "serverpod_migrations",
        "dartName": "DatabaseMigrationVersion",
        "module": "serverpod",
        "schema": "public",
        "columns": [
          {
            "__className__": "serverpod.ColumnDefinition",
            "name": "id",
            "columnType": 6,
            "isNullable": false,
            "columnDefault": "nextval('serverpod_migrations_id_seq'::regclass)",
            "dartType": "int?"
          },
          {
            "__className__": "serverpod.ColumnDefinition",
            "name": "module",
            "columnType": 0,
            "isNullable": false,
            "dartType": "String"
          },
          {
            "__className__": "serverpod.ColumnDefinition",
            "name": "version",
            "columnType": 0,
            "isNullable": false,
            "dartType": "String"
          },
          {
            "__className__": "serverpod.ColumnDefinition",
            "name": "timestamp",
            "columnType": 4,
            "isNullable": true,
            "dartType": "DateTime?"
          }
        ],
        "foreignKeys": [],
        "indexes": [
          {
            "__className__": "serverpod.IndexDefinition",
            "indexName": "serverpod_migrations_pkey",
            "elements": [
              {
                "__className__": "serverpod.IndexElementDefinition",
                "type": 0,
                "definition": "id"
              }
            ],
            "type": "btree",
            "isUnique": true,
            "isPrimary": true
          },
          {
            "__className__": "serverpod.IndexDefinition",
            "indexName": "serverpod_migrations_ids",
            "elements": [
              {
                "__className__": "serverpod.IndexElementDefinition",
                "type": 0,
                "definition": "module"
              }
            ],
            "type": "btree",
            "isUnique": true,
            "isPrimary": false
          }
        ],
        "managed": true
      }
    },
    {
      "__className__": "serverpod.DatabaseMigrationAction",
      "type": "createTable",
      "createTable": {
        "__className__": "serverpod.TableDefinition",
        "name": "serverpod_query_log",
        "dartName": "QueryLogEntry",
        "module": "serverpod",
        "schema": "public",
        "columns": [
          {
            "__className__": "serverpod.ColumnDefinition",
            "name": "id",
            "columnType": 6,
            "isNullable": false,
            "columnDefault": "nextval('serverpod_query_log_id_seq'::regclass)",
            "dartType": "int?"
          },
          {
            "__className__": "serverpod.ColumnDefinition",
            "name": "serverId",
            "columnType": 0,
            "isNullable": false,
            "dartType": "String"
          },
          {
            "__className__": "serverpod.ColumnDefinition",
            "name": "sessionLogId",
            "columnType": 6,
            "isNullable": false,
            "dartType": "int"
          },
          {
            "__className__": "serverpod.ColumnDefinition",
            "name": "messageId",
            "columnType": 6,
            "isNullable": true,
            "dartType": "int?"
          },
          {
            "__className__": "serverpod.ColumnDefinition",
            "name": "query",
            "columnType": 0,
            "isNullable": false,
            "dartType": "String"
          },
          {
            "__className__": "serverpod.ColumnDefinition",
            "name": "duration",
            "columnType": 3,
            "isNullable": false,
            "dartType": "double"
          },
          {
            "__className__": "serverpod.ColumnDefinition",
            "name": "numRows",
            "columnType": 6,
            "isNullable": true,
            "dartType": "int?"
          },
          {
            "__className__": "serverpod.ColumnDefinition",
            "name": "error",
            "columnType": 0,
            "isNullable": true,
            "dartType": "String?"
          },
          {
            "__className__": "serverpod.ColumnDefinition",
            "name": "stackTrace",
            "columnType": 0,
            "isNullable": true,
            "dartType": "String?"
          },
          {
            "__className__": "serverpod.ColumnDefinition",
            "name": "slow",
            "columnType": 1,
            "isNullable": false,
            "dartType": "bool"
          },
          {
            "__className__": "serverpod.ColumnDefinition",
            "name": "order",
            "columnType": 6,
            "isNullable": false,
            "dartType": "int"
          }
        ],
        "foreignKeys": [
          {
            "__className__": "serverpod.ForeignKeyDefinition",
            "constraintName": "serverpod_query_log_fk_0",
            "columns": [
              "sessionLogId"
            ],
            "referenceTable": "serverpod_session_log",
            "referenceTableSchema": "public",
            "referenceColumns": [
              "id"
            ],
            "onUpdate": 3,
            "onDelete": 4
          }
        ],
        "indexes": [
          {
            "__className__": "serverpod.IndexDefinition",
            "indexName": "serverpod_query_log_pkey",
            "elements": [
              {
                "__className__": "serverpod.IndexElementDefinition",
                "type": 0,
                "definition": "id"
              }
            ],
            "type": "btree",
            "isUnique": true,
            "isPrimary": true
          },
          {
            "__className__": "serverpod.IndexDefinition",
            "indexName": "serverpod_query_log_sessionLogId_idx",
            "elements": [
              {
                "__className__": "serverpod.IndexElementDefinition",
                "type": 0,
                "definition": "sessionLogId"
              }
            ],
            "type": "btree",
            "isUnique": false,
            "isPrimary": false
          }
        ],
        "managed": true
      }
    },
    {
      "__className__": "serverpod.DatabaseMigrationAction",
      "type": "createTable",
      "createTable": {
        "__className__": "serverpod.TableDefinition",
        "name": "serverpod_readwrite_test",
        "dartName": "ReadWriteTestEntry",
        "module": "serverpod",
        "schema": "public",
        "columns": [
          {
            "__className__": "serverpod.ColumnDefinition",
            "name": "id",
            "columnType": 6,
            "isNullable": false,
            "columnDefault": "nextval('serverpod_readwrite_test_id_seq'::regclass)",
            "dartType": "int?"
          },
          {
            "__className__": "serverpod.ColumnDefinition",
            "name": "number",
            "columnType": 6,
            "isNullable": false,
            "dartType": "int"
          }
        ],
        "foreignKeys": [],
        "indexes": [
          {
            "__className__": "serverpod.IndexDefinition",
            "indexName": "serverpod_readwrite_test_pkey",
            "elements": [
              {
                "__className__": "serverpod.IndexElementDefinition",
                "type": 0,
                "definition": "id"
              }
            ],
            "type": "btree",
            "isUnique": true,
            "isPrimary": true
          }
        ],
        "managed": true
      }
    },
    {
      "__className__": "serverpod.DatabaseMigrationAction",
      "type": "createTable",
      "createTable": {
        "__className__": "serverpod.TableDefinition",
        "name": "serverpod_runtime_settings",
        "dartName": "RuntimeSettings",
        "module": "serverpod",
        "schema": "public",
        "columns": [
          {
            "__className__": "serverpod.ColumnDefinition",
            "name": "id",
            "columnType": 6,
            "isNullable": false,
            "columnDefault": "nextval('serverpod_runtime_settings_id_seq'::regclass)",
            "dartType": "int?"
          },
          {
            "__className__": "serverpod.ColumnDefinition",
            "name": "logSettings",
            "columnType": 8,
            "isNullable": false,
            "dartType": "protocol:LogSettings"
          },
          {
            "__className__": "serverpod.ColumnDefinition",
            "name": "logSettingsOverrides",
            "columnType": 8,
            "isNullable": false,
            "dartType": "List<protocol:LogSettingsOverride>"
          },
          {
            "__className__": "serverpod.ColumnDefinition",
            "name": "logServiceCalls",
            "columnType": 1,
            "isNullable": false,
            "dartType": "bool"
          },
          {
            "__className__": "serverpod.ColumnDefinition",
            "name": "logMalformedCalls",
            "columnType": 1,
            "isNullable": false,
            "dartType": "bool"
          }
        ],
        "foreignKeys": [],
        "indexes": [
          {
            "__className__": "serverpod.IndexDefinition",
            "indexName": "serverpod_runtime_settings_pkey",
            "elements": [
              {
                "__className__": "serverpod.IndexElementDefinition",
                "type": 0,
                "definition": "id"
              }
            ],
            "type": "btree",
            "isUnique": true,
            "isPrimary": true
          }
        ],
        "managed": true
      }
    },
    {
      "__className__": "serverpod.DatabaseMigrationAction",
      "type": "createTable",
      "createTable": {
        "__className__": "serverpod.TableDefinition",
        "name": "serverpod_session_log",
        "dartName": "SessionLogEntry",
        "module": "serverpod",
        "schema": "public",
        "columns": [
          {
            "__className__": "serverpod.ColumnDefinition",
            "name": "id",
            "columnType": 6,
            "isNullable": false,
            "columnDefault": "nextval('serverpod_session_log_id_seq'::regclass)",
            "dartType": "int?"
          },
          {
            "__className__": "serverpod.ColumnDefinition",
            "name": "serverId",
            "columnType": 0,
            "isNullable": false,
            "dartType": "String"
          },
          {
            "__className__": "serverpod.ColumnDefinition",
            "name": "time",
            "columnType": 4,
            "isNullable": false,
            "dartType": "DateTime"
          },
          {
            "__className__": "serverpod.ColumnDefinition",
            "name": "module",
            "columnType": 0,
            "isNullable": true,
            "dartType": "String?"
          },
          {
            "__className__": "serverpod.ColumnDefinition",
            "name": "endpoint",
            "columnType": 0,
            "isNullable": true,
            "dartType": "String?"
          },
          {
            "__className__": "serverpod.ColumnDefinition",
            "name": "method",
            "columnType": 0,
            "isNullable": true,
            "dartType": "String?"
          },
          {
            "__className__": "serverpod.ColumnDefinition",
            "name": "duration",
            "columnType": 3,
            "isNullable": true,
            "dartType": "double?"
          },
          {
            "__className__": "serverpod.ColumnDefinition",
            "name": "numQueries",
            "columnType": 6,
            "isNullable": true,
            "dartType": "int?"
          },
          {
            "__className__": "serverpod.ColumnDefinition",
            "name": "slow",
            "columnType": 1,
            "isNullable": true,
            "dartType": "bool?"
          },
          {
            "__className__": "serverpod.ColumnDefinition",
            "name": "error",
            "columnType": 0,
            "isNullable": true,
            "dartType": "String?"
          },
          {
            "__className__": "serverpod.ColumnDefinition",
            "name": "stackTrace",
            "columnType": 0,
            "isNullable": true,
            "dartType": "String?"
          },
          {
            "__className__": "serverpod.ColumnDefinition",
            "name": "authenticatedUserId",
            "columnType": 6,
            "isNullable": true,
            "dartType": "int?"
          },
          {
            "__className__": "serverpod.ColumnDefinition",
            "name": "userId",
            "columnType": 0,
            "isNullable": true,
            "dartType": "String?"
          },
          {
            "__className__": "serverpod.ColumnDefinition",
            "name": "isOpen",
            "columnType": 1,
            "isNullable": true,
            "dartType": "bool?"
          },
          {
            "__className__": "serverpod.ColumnDefinition",
            "name": "touched",
            "columnType": 4,
            "isNullable": false,
            "dartType": "DateTime"
          }
        ],
        "foreignKeys": [],
        "indexes": [
          {
            "__className__": "serverpod.IndexDefinition",
            "indexName": "serverpod_session_log_pkey",
            "elements": [
              {
                "__className__": "serverpod.IndexElementDefinition",
                "type": 0,
                "definition": "id"
              }
            ],
            "type": "btree",
            "isUnique": true,
            "isPrimary": true
          },
          {
            "__className__": "serverpod.IndexDefinition",
            "indexName": "serverpod_session_log_serverid_idx",
            "elements": [
              {
                "__className__": "serverpod.IndexElementDefinition",
                "type": 0,
                "definition": "serverId"
              }
            ],
            "type": "btree",
            "isUnique": false,
            "isPrimary": false
          },
          {
            "__className__": "serverpod.IndexDefinition",
            "indexName": "serverpod_session_log_touched_idx",
            "elements": [
              {
                "__className__": "serverpod.IndexElementDefinition",
                "type": 0,
                "definition": "touched"
              }
            ],
            "type": "btree",
            "isUnique": false,
            "isPrimary": false
          },
          {
            "__className__": "serverpod.IndexDefinition",
            "indexName": "serverpod_session_log_isopen_idx",
            "elements": [
              {
                "__className__": "serverpod.IndexElementDefinition",
                "type": 0,
                "definition": "isOpen"
              }
            ],
            "type": "btree",
            "isUnique": false,
            "isPrimary": false
          }
        ],
        "managed": true
      }
    },
    {
      "__className__": "serverpod.DatabaseMigrationAction",
      "type": "createTable",
      "createTable": {
        "__className__": "serverpod.TableDefinition",
        "name": "serverpod_auth_idp_apple_account",
        "dartName": "AppleAccount",
        "module": "serverpod_auth_idp",
        "schema": "public",
        "columns": [
          {
            "__className__": "serverpod.ColumnDefinition",
            "name": "id",
            "columnType": 7,
            "isNullable": false,
            "columnDefault": "gen_random_uuid_v7()",
            "dartType": "UuidValue?"
          },
          {
            "__className__": "serverpod.ColumnDefinition",
            "name": "userIdentifier",
            "columnType": 0,
            "isNullable": false,
            "dartType": "String"
          },
          {
            "__className__": "serverpod.ColumnDefinition",
            "name": "refreshToken",
            "columnType": 0,
            "isNullable": false,
            "dartType": "String"
          },
          {
            "__className__": "serverpod.ColumnDefinition",
            "name": "refreshTokenRequestedWithBundleIdentifier",
            "columnType": 1,
            "isNullable": false,
            "dartType": "bool"
          },
          {
            "__className__": "serverpod.ColumnDefinition",
            "name": "lastRefreshedAt",
            "columnType": 4,
            "isNullable": false,
            "columnDefault": "CURRENT_TIMESTAMP",
            "dartType": "DateTime"
          },
          {
            "__className__": "serverpod.ColumnDefinition",
            "name": "authUserId",
            "columnType": 7,
            "isNullable": false,
            "dartType": "UuidValue"
          },
          {
            "__className__": "serverpod.ColumnDefinition",
            "name": "createdAt",
            "columnType": 4,
            "isNullable": false,
            "dartType": "DateTime"
          },
          {
            "__className__": "serverpod.ColumnDefinition",
            "name": "email",
            "columnType": 0,
            "isNullable": true,
            "dartType": "String?"
          },
          {
            "__className__": "serverpod.ColumnDefinition",
            "name": "isEmailVerified",
            "columnType": 1,
            "isNullable": true,
            "dartType": "bool?"
          },
          {
            "__className__": "serverpod.ColumnDefinition",
            "name": "isPrivateEmail",
            "columnType": 1,
            "isNullable": true,
            "dartType": "bool?"
          },
          {
            "__className__": "serverpod.ColumnDefinition",
            "name": "firstName",
            "columnType": 0,
            "isNullable": true,
            "dartType": "String?"
          },
          {
            "__className__": "serverpod.ColumnDefinition",
            "name": "lastName",
            "columnType": 0,
            "isNullable": true,
            "dartType": "String?"
          }
        ],
        "foreignKeys": [
          {
            "__className__": "serverpod.ForeignKeyDefinition",
            "constraintName": "serverpod_auth_idp_apple_account_fk_0",
            "columns": [
              "authUserId"
            ],
            "referenceTable": "serverpod_auth_core_user",
            "referenceTableSchema": "public",
            "referenceColumns": [
              "id"
            ],
            "onUpdate": 3,
            "onDelete": 4
          }
        ],
        "indexes": [
          {
            "__className__": "serverpod.IndexDefinition",
            "indexName": "serverpod_auth_idp_apple_account_pkey",
            "elements": [
              {
                "__className__": "serverpod.IndexElementDefinition",
                "type": 0,
                "definition": "id"
              }
            ],
            "type": "btree",
            "isUnique": true,
            "isPrimary": true
          },
          {
            "__className__": "serverpod.IndexDefinition",
            "indexName": "serverpod_auth_apple_account_identifier",
            "elements": [
              {
                "__className__": "serverpod.IndexElementDefinition",
                "type": 0,
                "definition": "userIdentifier"
              }
            ],
            "type": "btree",
            "isUnique": true,
            "isPrimary": false
          }
        ],
        "managed": true
      }
    },
    {
      "__className__": "serverpod.DatabaseMigrationAction",
      "type": "createTable",
      "createTable": {
        "__className__": "serverpod.TableDefinition",
        "name": "serverpod_auth_idp_email_account",
        "dartName": "EmailAccount",
        "module": "serverpod_auth_idp",
        "schema": "public",
        "columns": [
          {
            "__className__": "serverpod.ColumnDefinition",
            "name": "id",
            "columnType": 7,
            "isNullable": false,
            "columnDefault": "gen_random_uuid_v7()",
            "dartType": "UuidValue?"
          },
          {
            "__className__": "serverpod.ColumnDefinition",
            "name": "authUserId",
            "columnType": 7,
            "isNullable": false,
            "dartType": "UuidValue"
          },
          {
            "__className__": "serverpod.ColumnDefinition",
            "name": "createdAt",
            "columnType": 4,
            "isNullable": false,
            "dartType": "DateTime"
          },
          {
            "__className__": "serverpod.ColumnDefinition",
            "name": "email",
            "columnType": 0,
            "isNullable": false,
            "dartType": "String"
          },
          {
            "__className__": "serverpod.ColumnDefinition",
            "name": "passwordHash",
            "columnType": 0,
            "isNullable": false,
            "dartType": "String"
          }
        ],
        "foreignKeys": [
          {
            "__className__": "serverpod.ForeignKeyDefinition",
            "constraintName": "serverpod_auth_idp_email_account_fk_0",
            "columns": [
              "authUserId"
            ],
            "referenceTable": "serverpod_auth_core_user",
            "referenceTableSchema": "public",
            "referenceColumns": [
              "id"
            ],
            "onUpdate": 3,
            "onDelete": 4
          }
        ],
        "indexes": [
          {
            "__className__": "serverpod.IndexDefinition",
            "indexName": "serverpod_auth_idp_email_account_pkey",
            "elements": [
              {
                "__className__": "serverpod.IndexElementDefinition",
                "type": 0,
                "definition": "id"
              }
            ],
            "type": "btree",
            "isUnique": true,
            "isPrimary": true
          },
          {
            "__className__": "serverpod.IndexDefinition",
            "indexName": "serverpod_auth_idp_email_account_email",
            "elements": [
              {
                "__className__": "serverpod.IndexElementDefinition",
                "type": 0,
                "definition": "email"
              }
            ],
            "type": "btree",
            "isUnique": true,
            "isPrimary": false
          }
        ],
        "managed": true
      }
    },
    {
      "__className__": "serverpod.DatabaseMigrationAction",
      "type": "createTable",
      "createTable": {
        "__className__": "serverpod.TableDefinition",
        "name": "serverpod_auth_idp_email_account_password_reset_request",
        "dartName": "EmailAccountPasswordResetRequest",
        "module": "serverpod_auth_idp",
        "schema": "public",
        "columns": [
          {
            "__className__": "serverpod.ColumnDefinition",
            "name": "id",
            "columnType": 7,
            "isNullable": false,
            "columnDefault": "gen_random_uuid_v7()",
            "dartType": "UuidValue?"
          },
          {
            "__className__": "serverpod.ColumnDefinition",
            "name": "emailAccountId",
            "columnType": 7,
            "isNullable": false,
            "dartType": "UuidValue"
          },
          {
            "__className__": "serverpod.ColumnDefinition",
            "name": "createdAt",
            "columnType": 4,
            "isNullable": false,
            "columnDefault": "CURRENT_TIMESTAMP",
            "dartType": "DateTime"
          },
          {
            "__className__": "serverpod.ColumnDefinition",
            "name": "challengeId",
            "columnType": 7,
            "isNullable": false,
            "dartType": "UuidValue"
          },
          {
            "__className__": "serverpod.ColumnDefinition",
            "name": "setPasswordChallengeId",
            "columnType": 7,
            "isNullable": true,
            "dartType": "UuidValue?"
          }
        ],
        "foreignKeys": [
          {
            "__className__": "serverpod.ForeignKeyDefinition",
            "constraintName": "serverpod_auth_idp_email_account_password_reset_request_fk_0",
            "columns": [
              "emailAccountId"
            ],
            "referenceTable": "serverpod_auth_idp_email_account",
            "referenceTableSchema": "public",
            "referenceColumns": [
              "id"
            ],
            "onUpdate": 3,
            "onDelete": 4
          },
          {
            "__className__": "serverpod.ForeignKeyDefinition",
            "constraintName": "serverpod_auth_idp_email_account_password_reset_request_fk_1",
            "columns": [
              "challengeId"
            ],
            "referenceTable": "serverpod_auth_idp_secret_challenge",
            "referenceTableSchema": "public",
            "referenceColumns": [
              "id"
            ],
            "onUpdate": 3,
            "onDelete": 4
          },
          {
            "__className__": "serverpod.ForeignKeyDefinition",
            "constraintName": "serverpod_auth_idp_email_account_password_reset_request_fk_2",
            "columns": [
              "setPasswordChallengeId"
            ],
            "referenceTable": "serverpod_auth_idp_secret_challenge",
            "referenceTableSchema": "public",
            "referenceColumns": [
              "id"
            ],
            "onUpdate": 3,
            "onDelete": 4
          }
        ],
        "indexes": [
          {
            "__className__": "serverpod.IndexDefinition",
            "indexName": "serverpod_auth_idp_email_account_password_reset_request_pkey",
            "elements": [
              {
                "__className__": "serverpod.IndexElementDefinition",
                "type": 0,
                "definition": "id"
              }
            ],
            "type": "btree",
            "isUnique": true,
            "isPrimary": true
          }
        ],
        "managed": true
      }
    },
    {
      "__className__": "serverpod.DatabaseMigrationAction",
      "type": "createTable",
      "createTable": {
        "__className__": "serverpod.TableDefinition",
        "name": "serverpod_auth_idp_email_account_request",
        "dartName": "EmailAccountRequest",
        "module": "serverpod_auth_idp",
        "schema": "public",
        "columns": [
          {
            "__className__": "serverpod.ColumnDefinition",
            "name": "id",
            "columnType": 7,
            "isNullable": false,
            "columnDefault": "gen_random_uuid_v7()",
            "dartType": "UuidValue?"
          },
          {
            "__className__": "serverpod.ColumnDefinition",
            "name": "createdAt",
            "columnType": 4,
            "isNullable": false,
            "columnDefault": "CURRENT_TIMESTAMP",
            "dartType": "DateTime"
          },
          {
            "__className__": "serverpod.ColumnDefinition",
            "name": "email",
            "columnType": 0,
            "isNullable": false,
            "dartType": "String"
          },
          {
            "__className__": "serverpod.ColumnDefinition",
            "name": "challengeId",
            "columnType": 7,
            "isNullable": false,
            "dartType": "UuidValue"
          },
          {
            "__className__": "serverpod.ColumnDefinition",
            "name": "createAccountChallengeId",
            "columnType": 7,
            "isNullable": true,
            "dartType": "UuidValue?"
          }
        ],
        "foreignKeys": [
          {
            "__className__": "serverpod.ForeignKeyDefinition",
            "constraintName": "serverpod_auth_idp_email_account_request_fk_0",
            "columns": [
              "challengeId"
            ],
            "referenceTable": "serverpod_auth_idp_secret_challenge",
            "referenceTableSchema": "public",
            "referenceColumns": [
              "id"
            ],
            "onUpdate": 3,
            "onDelete": 4
          },
          {
            "__className__": "serverpod.ForeignKeyDefinition",
            "constraintName": "serverpod_auth_idp_email_account_request_fk_1",
            "columns": [
              "createAccountChallengeId"
            ],
            "referenceTable": "serverpod_auth_idp_secret_challenge",
            "referenceTableSchema": "public",
            "referenceColumns": [
              "id"
            ],
            "onUpdate": 3,
            "onDelete": 4
          }
        ],
        "indexes": [
          {
            "__className__": "serverpod.IndexDefinition",
            "indexName": "serverpod_auth_idp_email_account_request_pkey",
            "elements": [
              {
                "__className__": "serverpod.IndexElementDefinition",
                "type": 0,
                "definition": "id"
              }
            ],
            "type": "btree",
            "isUnique": true,
            "isPrimary": true
          },
          {
            "__className__": "serverpod.IndexDefinition",
            "indexName": "serverpod_auth_idp_email_account_request_email",
            "elements": [
              {
                "__className__": "serverpod.IndexElementDefinition",
                "type": 0,
                "definition": "email"
              }
            ],
            "type": "btree",
            "isUnique": true,
            "isPrimary": false
          }
        ],
        "managed": true
      }
    },
    {
      "__className__": "serverpod.DatabaseMigrationAction",
      "type": "createTable",
      "createTable": {
        "__className__": "serverpod.TableDefinition",
        "name": "serverpod_auth_idp_google_account",
        "dartName": "GoogleAccount",
        "module": "serverpod_auth_idp",
        "schema": "public",
        "columns": [
          {
            "__className__": "serverpod.ColumnDefinition",
            "name": "id",
            "columnType": 7,
            "isNullable": false,
            "columnDefault": "gen_random_uuid_v7()",
            "dartType": "UuidValue?"
          },
          {
            "__className__": "serverpod.ColumnDefinition",
            "name": "authUserId",
            "columnType": 7,
            "isNullable": false,
            "dartType": "UuidValue"
          },
          {
            "__className__": "serverpod.ColumnDefinition",
            "name": "created",
            "columnType": 4,
            "isNullable": false,
            "dartType": "DateTime"
          },
          {
            "__className__": "serverpod.ColumnDefinition",
            "name": "email",
            "columnType": 0,
            "isNullable": false,
            "dartType": "String"
          },
          {
            "__className__": "serverpod.ColumnDefinition",
            "name": "userIdentifier",
            "columnType": 0,
            "isNullable": false,
            "dartType": "String"
          }
        ],
        "foreignKeys": [
          {
            "__className__": "serverpod.ForeignKeyDefinition",
            "constraintName": "serverpod_auth_idp_google_account_fk_0",
            "columns": [
              "authUserId"
            ],
            "referenceTable": "serverpod_auth_core_user",
            "referenceTableSchema": "public",
            "referenceColumns": [
              "id"
            ],
            "onUpdate": 3,
            "onDelete": 4
          }
        ],
        "indexes": [
          {
            "__className__": "serverpod.IndexDefinition",
            "indexName": "serverpod_auth_idp_google_account_pkey",
            "elements": [
              {
                "__className__": "serverpod.IndexElementDefinition",
                "type": 0,
                "definition": "id"
              }
            ],
            "type": "btree",
            "isUnique": true,
            "isPrimary": true
          },
          {
            "__className__": "serverpod.IndexDefinition",
            "indexName": "serverpod_auth_google_account_user_identifier",
            "elements": [
              {
                "__className__": "serverpod.IndexElementDefinition",
                "type": 0,
                "definition": "userIdentifier"
              }
            ],
            "type": "btree",
            "isUnique": true,
            "isPrimary": false
          }
        ],
        "managed": true
      }
    },
    {
      "__className__": "serverpod.DatabaseMigrationAction",
      "type": "createTable",
      "createTable": {
        "__className__": "serverpod.TableDefinition",
        "name": "serverpod_auth_idp_passkey_account",
        "dartName": "PasskeyAccount",
        "module": "serverpod_auth_idp",
        "schema": "public",
        "columns": [
          {
            "__className__": "serverpod.ColumnDefinition",
            "name": "id",
            "columnType": 7,
            "isNullable": false,
            "columnDefault": "gen_random_uuid_v7()",
            "dartType": "UuidValue?"
          },
          {
            "__className__": "serverpod.ColumnDefinition",
            "name": "authUserId",
            "columnType": 7,
            "isNullable": false,
            "dartType": "UuidValue"
          },
          {
            "__className__": "serverpod.ColumnDefinition",
            "name": "createdAt",
            "columnType": 4,
            "isNullable": false,
            "dartType": "DateTime"
          },
          {
            "__className__": "serverpod.ColumnDefinition",
            "name": "keyId",
            "columnType": 5,
            "isNullable": false,
            "dartType": "dart:typed_data:ByteData"
          },
          {
            "__className__": "serverpod.ColumnDefinition",
            "name": "keyIdBase64",
            "columnType": 0,
            "isNullable": false,
            "dartType": "String"
          },
          {
            "__className__": "serverpod.ColumnDefinition",
            "name": "clientDataJSON",
            "columnType": 5,
            "isNullable": false,
            "dartType": "dart:typed_data:ByteData"
          },
          {
            "__className__": "serverpod.ColumnDefinition",
            "name": "attestationObject",
            "columnType": 5,
            "isNullable": false,
            "dartType": "dart:typed_data:ByteData"
          },
          {
            "__className__": "serverpod.ColumnDefinition",
            "name": "originalChallenge",
            "columnType": 5,
            "isNullable": false,
            "dartType": "dart:typed_data:ByteData"
          }
        ],
        "foreignKeys": [
          {
            "__className__": "serverpod.ForeignKeyDefinition",
            "constraintName": "serverpod_auth_idp_passkey_account_fk_0",
            "columns": [
              "authUserId"
            ],
            "referenceTable": "serverpod_auth_core_user",
            "referenceTableSchema": "public",
            "referenceColumns": [
              "id"
            ],
            "onUpdate": 3,
            "onDelete": 4
          }
        ],
        "indexes": [
          {
            "__className__": "serverpod.IndexDefinition",
            "indexName": "serverpod_auth_idp_passkey_account_pkey",
            "elements": [
              {
                "__className__": "serverpod.IndexElementDefinition",
                "type": 0,
                "definition": "id"
              }
            ],
            "type": "btree",
            "isUnique": true,
            "isPrimary": true
          },
          {
            "__className__": "serverpod.IndexDefinition",
            "indexName": "serverpod_auth_idp_passkey_account_key_id_base64",
            "elements": [
              {
                "__className__": "serverpod.IndexElementDefinition",
                "type": 0,
                "definition": "keyIdBase64"
              }
            ],
            "type": "btree",
            "isUnique": true,
            "isPrimary": false
          }
        ],
        "managed": true
      }
    },
    {
      "__className__": "serverpod.DatabaseMigrationAction",
      "type": "createTable",
      "createTable": {
        "__className__": "serverpod.TableDefinition",
        "name": "serverpod_auth_idp_passkey_challenge",
        "dartName": "PasskeyChallenge",
        "module": "serverpod_auth_idp",
        "schema": "public",
        "columns": [
          {
            "__className__": "serverpod.ColumnDefinition",
            "name": "id",
            "columnType": 7,
            "isNullable": false,
            "columnDefault": "gen_random_uuid_v7()",
            "dartType": "UuidValue?"
          },
          {
            "__className__": "serverpod.ColumnDefinition",
            "name": "createdAt",
            "columnType": 4,
            "isNullable": false,
            "dartType": "DateTime"
          },
          {
            "__className__": "serverpod.ColumnDefinition",
            "name": "challenge",
            "columnType": 5,
            "isNullable": false,
            "dartType": "dart:typed_data:ByteData"
          }
        ],
        "foreignKeys": [],
        "indexes": [
          {
            "__className__": "serverpod.IndexDefinition",
            "indexName": "serverpod_auth_idp_passkey_challenge_pkey",
            "elements": [
              {
                "__className__": "serverpod.IndexElementDefinition",
                "type": 0,
                "definition": "id"
              }
            ],
            "type": "btree",
            "isUnique": true,
            "isPrimary": true
          }
        ],
        "managed": true
      }
    },
    {
      "__className__": "serverpod.DatabaseMigrationAction",
      "type": "createTable",
      "createTable": {
        "__className__": "serverpod.TableDefinition",
        "name": "serverpod_auth_idp_rate_limited_request_attempt",
        "dartName": "RateLimitedRequestAttempt",
        "module": "serverpod_auth_idp",
        "schema": "public",
        "columns": [
          {
            "__className__": "serverpod.ColumnDefinition",
            "name": "id",
            "columnType": 7,
            "isNullable": false,
            "columnDefault": "gen_random_uuid_v7()",
            "dartType": "UuidValue?"
          },
          {
            "__className__": "serverpod.ColumnDefinition",
            "name": "domain",
            "columnType": 0,
            "isNullable": false,
            "dartType": "String"
          },
          {
            "__className__": "serverpod.ColumnDefinition",
            "name": "source",
            "columnType": 0,
            "isNullable": false,
            "dartType": "String"
          },
          {
            "__className__": "serverpod.ColumnDefinition",
            "name": "nonce",
            "columnType": 0,
            "isNullable": false,
            "dartType": "String"
          },
          {
            "__className__": "serverpod.ColumnDefinition",
            "name": "ipAddress",
            "columnType": 0,
            "isNullable": true,
            "dartType": "String?"
          },
          {
            "__className__": "serverpod.ColumnDefinition",
            "name": "attemptedAt",
            "columnType": 4,
            "isNullable": false,
            "dartType": "DateTime"
          },
          {
            "__className__": "serverpod.ColumnDefinition",
            "name": "extraData",
            "columnType": 8,
            "isNullable": true,
            "dartType": "Map<String,String>?"
          }
        ],
        "foreignKeys": [],
        "indexes": [
          {
            "__className__": "serverpod.IndexDefinition",
            "indexName": "serverpod_auth_idp_rate_limited_request_attempt_pkey",
            "elements": [
              {
                "__className__": "serverpod.IndexElementDefinition",
                "type": 0,
                "definition": "id"
              }
            ],
            "type": "btree",
            "isUnique": true,
            "isPrimary": true
          },
          {
            "__className__": "serverpod.IndexDefinition",
            "indexName": "serverpod_auth_idp_rate_limited_request_attempt_domain",
            "elements": [
              {
                "__className__": "serverpod.IndexElementDefinition",
                "type": 0,
                "definition": "domain"
              }
            ],
            "type": "btree",
            "isUnique": false,
            "isPrimary": false
          },
          {
            "__className__": "serverpod.IndexDefinition",
            "indexName": "serverpod_auth_idp_rate_limited_request_attempt_source",
            "elements": [
              {
                "__className__": "serverpod.IndexElementDefinition",
                "type": 0,
                "definition": "source"
              }
            ],
            "type": "btree",
            "isUnique": false,
            "isPrimary": false
          },
          {
            "__className__": "serverpod.IndexDefinition",
            "indexName": "serverpod_auth_idp_rate_limited_request_attempt_nonce",
            "elements": [
              {
                "__className__": "serverpod.IndexElementDefinition",
                "type": 0,
                "definition": "nonce"
              }
            ],
            "type": "btree",
            "isUnique": false,
            "isPrimary": false
          }
        ],
        "managed": true
      }
    },
    {
      "__className__": "serverpod.DatabaseMigrationAction",
      "type": "createTable",
      "createTable": {
        "__className__": "serverpod.TableDefinition",
        "name": "serverpod_auth_idp_secret_challenge",
        "dartName": "SecretChallenge",
        "module": "serverpod_auth_idp",
        "schema": "public",
        "columns": [
          {
            "__className__": "serverpod.ColumnDefinition",
            "name": "id",
            "columnType": 7,
            "isNullable": false,
            "columnDefault": "gen_random_uuid_v7()",
            "dartType": "UuidValue?"
          },
          {
            "__className__": "serverpod.ColumnDefinition",
            "name": "challengeCodeHash",
            "columnType": 0,
            "isNullable": false,
            "dartType": "String"
          }
        ],
        "foreignKeys": [],
        "indexes": [
          {
            "__className__": "serverpod.IndexDefinition",
            "indexName": "serverpod_auth_idp_secret_challenge_pkey",
            "elements": [
              {
                "__className__": "serverpod.IndexElementDefinition",
                "type": 0,
                "definition": "id"
              }
            ],
            "type": "btree",
            "isUnique": true,
            "isPrimary": true
          }
        ],
        "managed": true
      }
    },
    {
      "__className__": "serverpod.DatabaseMigrationAction",
      "type": "createTable",
      "createTable": {
        "__className__": "serverpod.TableDefinition",
        "name": "serverpod_auth_core_jwt_refresh_token",
        "dartName": "RefreshToken",
        "module": "serverpod_auth_core",
        "schema": "public",
        "columns": [
          {
            "__className__": "serverpod.ColumnDefinition",
            "name": "id",
            "columnType": 7,
            "isNullable": false,
            "columnDefault": "gen_random_uuid_v7()",
            "dartType": "UuidValue?"
          },
          {
            "__className__": "serverpod.ColumnDefinition",
            "name": "authUserId",
            "columnType": 7,
            "isNullable": false,
            "dartType": "UuidValue"
          },
          {
            "__className__": "serverpod.ColumnDefinition",
            "name": "scopeNames",
            "columnType": 8,
            "isNullable": false,
            "dartType": "Set<String>"
          },
          {
            "__className__": "serverpod.ColumnDefinition",
            "name": "extraClaims",
            "columnType": 0,
            "isNullable": true,
            "dartType": "String?"
          },
          {
            "__className__": "serverpod.ColumnDefinition",
            "name": "method",
            "columnType": 0,
            "isNullable": false,
            "dartType": "String"
          },
          {
            "__className__": "serverpod.ColumnDefinition",
            "name": "fixedSecret",
            "columnType": 5,
            "isNullable": false,
            "dartType": "dart:typed_data:ByteData"
          },
          {
            "__className__": "serverpod.ColumnDefinition",
            "name": "rotatingSecretHash",
            "columnType": 0,
            "isNullable": false,
            "dartType": "String"
          },
          {
            "__className__": "serverpod.ColumnDefinition",
            "name": "lastUpdatedAt",
            "columnType": 4,
            "isNullable": false,
            "columnDefault": "CURRENT_TIMESTAMP",
            "dartType": "DateTime"
          },
          {
            "__className__": "serverpod.ColumnDefinition",
            "name": "createdAt",
            "columnType": 4,
            "isNullable": false,
            "columnDefault": "CURRENT_TIMESTAMP",
            "dartType": "DateTime"
          }
        ],
        "foreignKeys": [
          {
            "__className__": "serverpod.ForeignKeyDefinition",
            "constraintName": "serverpod_auth_core_jwt_refresh_token_fk_0",
            "columns": [
              "authUserId"
            ],
            "referenceTable": "serverpod_auth_core_user",
            "referenceTableSchema": "public",
            "referenceColumns": [
              "id"
            ],
            "onUpdate": 3,
            "onDelete": 4
          }
        ],
        "indexes": [
          {
            "__className__": "serverpod.IndexDefinition",
            "indexName": "serverpod_auth_core_jwt_refresh_token_pkey",
            "elements": [
              {
                "__className__": "serverpod.IndexElementDefinition",
                "type": 0,
                "definition": "id"
              }
            ],
            "type": "btree",
            "isUnique": true,
            "isPrimary": true
          },
          {
            "__className__": "serverpod.IndexDefinition",
            "indexName": "serverpod_auth_core_jwt_refresh_token_last_updated_at",
            "elements": [
              {
                "__className__": "serverpod.IndexElementDefinition",
                "type": 0,
                "definition": "lastUpdatedAt"
              }
            ],
            "type": "btree",
            "isUnique": false,
            "isPrimary": false
          }
        ],
        "managed": true
      }
    },
    {
      "__className__": "serverpod.DatabaseMigrationAction",
      "type": "createTable",
      "createTable": {
        "__className__": "serverpod.TableDefinition",
        "name": "serverpod_auth_core_profile",
        "dartName": "UserProfile",
        "module": "serverpod_auth_core",
        "schema": "public",
        "columns": [
          {
            "__className__": "serverpod.ColumnDefinition",
            "name": "id",
            "columnType": 7,
            "isNullable": false,
            "columnDefault": "gen_random_uuid_v7()",
            "dartType": "UuidValue?"
          },
          {
            "__className__": "serverpod.ColumnDefinition",
            "name": "authUserId",
            "columnType": 7,
            "isNullable": false,
            "dartType": "UuidValue"
          },
          {
            "__className__": "serverpod.ColumnDefinition",
            "name": "userName",
            "columnType": 0,
            "isNullable": true,
            "dartType": "String?"
          },
          {
            "__className__": "serverpod.ColumnDefinition",
            "name": "fullName",
            "columnType": 0,
            "isNullable": true,
            "dartType": "String?"
          },
          {
            "__className__": "serverpod.ColumnDefinition",
            "name": "email",
            "columnType": 0,
            "isNullable": true,
            "dartType": "String?"
          },
          {
            "__className__": "serverpod.ColumnDefinition",
            "name": "createdAt",
            "columnType": 4,
            "isNullable": false,
            "columnDefault": "CURRENT_TIMESTAMP",
            "dartType": "DateTime"
          },
          {
            "__className__": "serverpod.ColumnDefinition",
            "name": "imageId",
            "columnType": 7,
            "isNullable": true,
            "dartType": "UuidValue?"
          }
        ],
        "foreignKeys": [
          {
            "__className__": "serverpod.ForeignKeyDefinition",
            "constraintName": "serverpod_auth_core_profile_fk_0",
            "columns": [
              "authUserId"
            ],
            "referenceTable": "serverpod_auth_core_user",
            "referenceTableSchema": "public",
            "referenceColumns": [
              "id"
            ],
            "onUpdate": 3,
            "onDelete": 4
          },
          {
            "__className__": "serverpod.ForeignKeyDefinition",
            "constraintName": "serverpod_auth_core_profile_fk_1",
            "columns": [
              "imageId"
            ],
            "referenceTable": "serverpod_auth_core_profile_image",
            "referenceTableSchema": "public",
            "referenceColumns": [
              "id"
            ],
            "onUpdate": 3,
            "onDelete": 3
          }
        ],
        "indexes": [
          {
            "__className__": "serverpod.IndexDefinition",
            "indexName": "serverpod_auth_core_profile_pkey",
            "elements": [
              {
                "__className__": "serverpod.IndexElementDefinition",
                "type": 0,
                "definition": "id"
              }
            ],
            "type": "btree",
            "isUnique": true,
            "isPrimary": true
          },
          {
            "__className__": "serverpod.IndexDefinition",
            "indexName": "serverpod_auth_profile_user_profile_email_auth_user_id",
            "elements": [
              {
                "__className__": "serverpod.IndexElementDefinition",
                "type": 0,
                "definition": "authUserId"
              }
            ],
            "type": "btree",
            "isUnique": true,
            "isPrimary": false
          }
        ],
        "managed": true
      }
    },
    {
      "__className__": "serverpod.DatabaseMigrationAction",
      "type": "createTable",
      "createTable": {
        "__className__": "serverpod.TableDefinition",
        "name": "serverpod_auth_core_profile_image",
        "dartName": "UserProfileImage",
        "module": "serverpod_auth_core",
        "schema": "public",
        "columns": [
          {
            "__className__": "serverpod.ColumnDefinition",
            "name": "id",
            "columnType": 7,
            "isNullable": false,
            "columnDefault": "gen_random_uuid_v7()",
            "dartType": "UuidValue?"
          },
          {
            "__className__": "serverpod.ColumnDefinition",
            "name": "userProfileId",
            "columnType": 7,
            "isNullable": false,
            "dartType": "UuidValue"
          },
          {
            "__className__": "serverpod.ColumnDefinition",
            "name": "createdAt",
            "columnType": 4,
            "isNullable": false,
            "columnDefault": "CURRENT_TIMESTAMP",
            "dartType": "DateTime"
          },
          {
            "__className__": "serverpod.ColumnDefinition",
            "name": "storageId",
            "columnType": 0,
            "isNullable": false,
            "dartType": "String"
          },
          {
            "__className__": "serverpod.ColumnDefinition",
            "name": "path",
            "columnType": 0,
            "isNullable": false,
            "dartType": "String"
          },
          {
            "__className__": "serverpod.ColumnDefinition",
            "name": "url",
            "columnType": 0,
            "isNullable": false,
            "dartType": "Uri"
          }
        ],
        "foreignKeys": [
          {
            "__className__": "serverpod.ForeignKeyDefinition",
            "constraintName": "serverpod_auth_core_profile_image_fk_0",
            "columns": [
              "userProfileId"
            ],
            "referenceTable": "serverpod_auth_core_profile",
            "referenceTableSchema": "public",
            "referenceColumns": [
              "id"
            ],
            "onUpdate": 3,
            "onDelete": 4
          }
        ],
        "indexes": [
          {
            "__className__": "serverpod.IndexDefinition",
            "indexName": "serverpod_auth_core_profile_image_pkey",
            "elements": [
              {
                "__className__": "serverpod.IndexElementDefinition",
                "type": 0,
                "definition": "id"
              }
            ],
            "type": "btree",
            "isUnique": true,
            "isPrimary": true
          }
        ],
        "managed": true
      }
    },
    {
      "__className__": "serverpod.DatabaseMigrationAction",
      "type": "createTable",
      "createTable": {
        "__className__": "serverpod.TableDefinition",
        "name": "serverpod_auth_core_session",
        "dartName": "ServerSideSession",
        "module": "serverpod_auth_core",
        "schema": "public",
        "columns": [
          {
            "__className__": "serverpod.ColumnDefinition",
            "name": "id",
            "columnType": 7,
            "isNullable": false,
            "columnDefault": "gen_random_uuid_v7()",
            "dartType": "UuidValue?"
          },
          {
            "__className__": "serverpod.ColumnDefinition",
            "name": "authUserId",
            "columnType": 7,
            "isNullable": false,
            "dartType": "UuidValue"
          },
          {
            "__className__": "serverpod.ColumnDefinition",
            "name": "scopeNames",
            "columnType": 8,
            "isNullable": false,
            "dartType": "Set<String>"
          },
          {
            "__className__": "serverpod.ColumnDefinition",
            "name": "createdAt",
            "columnType": 4,
            "isNullable": false,
            "columnDefault": "CURRENT_TIMESTAMP",
            "dartType": "DateTime"
          },
          {
            "__className__": "serverpod.ColumnDefinition",
            "name": "lastUsedAt",
            "columnType": 4,
            "isNullable": false,
            "columnDefault": "CURRENT_TIMESTAMP",
            "dartType": "DateTime"
          },
          {
            "__className__": "serverpod.ColumnDefinition",
            "name": "expiresAt",
            "columnType": 4,
            "isNullable": true,
            "dartType": "DateTime?"
          },
          {
            "__className__": "serverpod.ColumnDefinition",
            "name": "expireAfterUnusedFor",
            "columnType": 6,
            "isNullable": true,
            "dartType": "Duration?"
          },
          {
            "__className__": "serverpod.ColumnDefinition",
            "name": "sessionKeyHash",
            "columnType": 5,
            "isNullable": false,
            "dartType": "dart:typed_data:ByteData"
          },
          {
            "__className__": "serverpod.ColumnDefinition",
            "name": "sessionKeySalt",
            "columnType": 5,
            "isNullable": false,
            "dartType": "dart:typed_data:ByteData"
          },
          {
            "__className__": "serverpod.ColumnDefinition",
            "name": "method",
            "columnType": 0,
            "isNullable": false,
            "dartType": "String"
          }
        ],
        "foreignKeys": [
          {
            "__className__": "serverpod.ForeignKeyDefinition",
            "constraintName": "serverpod_auth_core_session_fk_0",
            "columns": [
              "authUserId"
            ],
            "referenceTable": "serverpod_auth_core_user",
            "referenceTableSchema": "public",
            "referenceColumns": [
              "id"
            ],
            "onUpdate": 3,
            "onDelete": 4
          }
        ],
        "indexes": [
          {
            "__className__": "serverpod.IndexDefinition",
            "indexName": "serverpod_auth_core_session_pkey",
            "elements": [
              {
                "__className__": "serverpod.IndexElementDefinition",
                "type": 0,
                "definition": "id"
              }
            ],
            "type": "btree",
            "isUnique": true,
            "isPrimary": true
          }
        ],
        "managed": true
      }
    },
    {
      "__className__": "serverpod.DatabaseMigrationAction",
      "type": "createTable",
      "createTable": {
        "__className__": "serverpod.TableDefinition",
        "name": "serverpod_auth_core_user",
        "dartName": "AuthUser",
        "module": "serverpod_auth_core",
        "schema": "public",
        "columns": [
          {
            "__className__": "serverpod.ColumnDefinition",
            "name": "id",
            "columnType": 7,
            "isNullable": false,
            "columnDefault": "gen_random_uuid_v7()",
            "dartType": "UuidValue?"
          },
          {
            "__className__": "serverpod.ColumnDefinition",
            "name": "createdAt",
            "columnType": 4,
            "isNullable": false,
            "dartType": "DateTime"
          },
          {
            "__className__": "serverpod.ColumnDefinition",
            "name": "scopeNames",
            "columnType": 8,
            "isNullable": false,
            "dartType": "Set<String>"
          },
          {
            "__className__": "serverpod.ColumnDefinition",
            "name": "blocked",
            "columnType": 1,
            "isNullable": false,
            "dartType": "bool"
          }
        ],
        "foreignKeys": [],
        "indexes": [
          {
            "__className__": "serverpod.IndexDefinition",
            "indexName": "serverpod_auth_core_user_pkey",
            "elements": [
              {
                "__className__": "serverpod.IndexElementDefinition",
                "type": 0,
                "definition": "id"
              }
            ],
            "type": "btree",
            "isUnique": true,
            "isPrimary": true
          }
        ],
        "managed": true
      }
    }
  ],
  "warnings": [],
  "migrationApiVersion": 1
}