{
  "__className__": "serverpod.DatabaseDefinition",
  "moduleName": "semantic_butler",
  "tables": [
    {
      "__className__": "serverpod.TableDefinition",
      "name": "agent_file_command",
      "dartName": "AgentFileCommand",
      "module": "semantic_butler",
      "schema": "public",
      "columns": [
        {
          "__className__": "serverpod.ColumnDefinition",
          "name": "id",
          "columnType": 6,
          "isNullable": false,
          "columnDefault": "nextval('agent_file_command_id_seq'::regclass)",
          "dartType": "int?"
        },
        {
          "__className__": "serverpod.ColumnDefinition",
          "name": "operation",
          "columnType": 0,
          "isNullable": false,
          "dartType": "String"
        },
        {
          "__className__": "serverpod.ColumnDefinition",
          "name": "sourcePath",
          "columnType": 0,
          "isNullable": false,
          "dartType": "String"
        },
        {
          "__className__": "serverpod.ColumnDefinition",
          "name": "destinationPath",
          "columnType": 0,
          "isNullable": true,
          "dartType": "String?"
        },
        {
          "__className__": "serverpod.ColumnDefinition",
          "name": "newName",
          "columnType": 0,
          "isNullable": true,
          "dartType": "String?"
        },
        {
          "__className__": "serverpod.ColumnDefinition",
          "name": "executedAt",
          "columnType": 4,
          "isNullable": false,
          "dartType": "DateTime"
        },
        {
          "__className__": "serverpod.ColumnDefinition",
          "name": "success",
          "columnType": 1,
          "isNullable": false,
          "dartType": "bool"
        },
        {
          "__className__": "serverpod.ColumnDefinition",
          "name": "errorMessage",
          "columnType": 0,
          "isNullable": true,
          "dartType": "String?"
        },
        {
          "__className__": "serverpod.ColumnDefinition",
          "name": "reversible",
          "columnType": 1,
          "isNullable": false,
          "dartType": "bool"
        },
        {
          "__className__": "serverpod.ColumnDefinition",
          "name": "wasUndone",
          "columnType": 1,
          "isNullable": false,
          "dartType": "bool"
        }
      ],
      "foreignKeys": [],
      "indexes": [
        {
          "__className__": "serverpod.IndexDefinition",
          "indexName": "agent_file_command_pkey",
          "elements": [
            {
              "__className__": "serverpod.IndexElementDefinition",
              "type": 0,
              "definition": "id"
            }
          ],
          "type": "btree",
          "isUnique": true,
          "isPrimary": true
        },
        {
          "__className__": "serverpod.IndexDefinition",
          "indexName": "idx_file_command_operation",
          "elements": [
            {
              "__className__": "serverpod.IndexElementDefinition",
              "type": 0,
              "definition": "operation"
            }
          ],
          "type": "btree",
          "isUnique": false,
          "isPrimary": false
        },
        {
          "__className__": "serverpod.IndexDefinition",
          "indexName": "idx_file_command_executed",
          "elements": [
            {
              "__className__": "serverpod.IndexElementDefinition",
              "type": 0,
              "definition": "executedAt"
            }
          ],
          "type": "btree",
          "isUnique": false,
          "isPrimary": false
        }
      ],
      "managed": true
    },
    {
      "__className__": "serverpod.TableDefinition",
      "name": "document_embedding",
      "dartName": "DocumentEmbedding",
      "module": "semantic_butler",
      "schema": "public",
      "columns": [
        {
          "__className__": "serverpod.ColumnDefinition",
          "name": "id",
          "columnType": 6,
          "isNullable": false,
          "columnDefault": "nextval('document_embedding_id_seq'::regclass)",
          "dartType": "int?"
        },
        {
          "__className__": "serverpod.ColumnDefinition",
          "name": "fileIndexId",
          "columnType": 6,
          "isNullable": false,
          "dartType": "int"
        },
        {
          "__className__": "serverpod.ColumnDefinition",
          "name": "chunkIndex",
          "columnType": 6,
          "isNullable": false,
          "dartType": "int"
        },
        {
          "__className__": "serverpod.ColumnDefinition",
          "name": "chunkText",
          "columnType": 0,
          "isNullable": true,
          "dartType": "String?"
        },
        {
          "__className__": "serverpod.ColumnDefinition",
          "name": "embeddingJson",
          "columnType": 0,
          "isNullable": false,
          "dartType": "String"
        },
        {
          "__className__": "serverpod.ColumnDefinition",
          "name": "dimensions",
          "columnType": 6,
          "isNullable": false,
          "dartType": "int"
        }
      ],
      "foreignKeys": [],
      "indexes": [
        {
          "__className__": "serverpod.IndexDefinition",
          "indexName": "document_embedding_pkey",
          "elements": [
            {
              "__className__": "serverpod.IndexElementDefinition",
              "type": 0,
              "definition": "id"
            }
          ],
          "type": "btree",
          "isUnique": true,
          "isPrimary": true
        },
        {
          "__className__": "serverpod.IndexDefinition",
          "indexName": "document_embedding_file_index",
          "elements": [
            {
              "__className__": "serverpod.IndexElementDefinition",
              "type": 0,
              "definition": "fileIndexId"
            }
          ],
          "type": "btree",
          "isUnique": false,
          "isPrimary": false
        },
        {
          "__className__": "serverpod.IndexDefinition",
          "indexName": "document_embedding_file_chunk",
          "elements": [
            {
              "__className__": "serverpod.IndexElementDefinition",
              "type": 0,
              "definition": "fileIndexId"
            },
            {
              "__className__": "serverpod.IndexElementDefinition",
              "type": 0,
              "definition": "chunkIndex"
            }
          ],
          "type": "btree",
          "isUnique": true,
          "isPrimary": false
        }
      ],
      "managed": true
    },
    {
      "__className__": "serverpod.TableDefinition",
      "name": "file_index",
      "dartName": "FileIndex",
      "module": "semantic_butler",
      "schema": "public",
      "columns": [
        {
          "__className__": "serverpod.ColumnDefinition",
          "name": "id",
          "columnType": 6,
          "isNullable": false,
          "columnDefault": "nextval('file_index_id_seq'::regclass)",
          "dartType": "int?"
        },
        {
          "__className__": "serverpod.ColumnDefinition",
          "name": "path",
          "columnType": 0,
          "isNullable": false,
          "dartType": "String"
        },
        {
          "__className__": "serverpod.ColumnDefinition",
          "name": "fileName",
          "columnType": 0,
          "isNullable": false,
          "dartType": "String"
        },
        {
          "__className__": "serverpod.ColumnDefinition",
          "name": "contentHash",
          "columnType": 0,
          "isNullable": false,
          "dartType": "String"
        },
        {
          "__className__": "serverpod.ColumnDefinition",
          "name": "fileSizeBytes",
          "columnType": 6,
          "isNullable": false,
          "dartType": "int"
        },
        {
          "__className__": "serverpod.ColumnDefinition",
          "name": "mimeType",
          "columnType": 0,
          "isNullable": true,
          "dartType": "String?"
        },
        {
          "__className__": "serverpod.ColumnDefinition",
          "name": "contentPreview",
          "columnType": 0,
          "isNullable": true,
          "dartType": "String?"
        },
        {
          "__className__": "serverpod.ColumnDefinition",
          "name": "summary",
          "columnType": 0,
          "isNullable": true,
          "dartType": "String?"
        },
        {
          "__className__": "serverpod.ColumnDefinition",
          "name": "tagsJson",
          "columnType": 0,
          "isNullable": true,
          "dartType": "String?"
        },
        {
          "__className__": "serverpod.ColumnDefinition",
          "name": "documentCategory",
          "columnType": 0,
          "isNullable": true,
          "dartType": "String?"
        },
        {
          "__className__": "serverpod.ColumnDefinition",
          "name": "fileCreatedAt",
          "columnType": 4,
          "isNullable": true,
          "dartType": "DateTime?"
        },
        {
          "__className__": "serverpod.ColumnDefinition",
          "name": "fileModifiedAt",
          "columnType": 4,
          "isNullable": true,
          "dartType": "DateTime?"
        },
        {
          "__className__": "serverpod.ColumnDefinition",
          "name": "wordCount",
          "columnType": 6,
          "isNullable": true,
          "dartType": "int?"
        },
        {
          "__className__": "serverpod.ColumnDefinition",
          "name": "isTextContent",
          "columnType": 1,
          "isNullable": false,
          "dartType": "bool"
        },
        {
          "__className__": "serverpod.ColumnDefinition",
          "name": "status",
          "columnType": 0,
          "isNullable": false,
          "dartType": "String"
        },
        {
          "__className__": "serverpod.ColumnDefinition",
          "name": "errorMessage",
          "columnType": 0,
          "isNullable": true,
          "dartType": "String?"
        },
        {
          "__className__": "serverpod.ColumnDefinition",
          "name": "embeddingModel",
          "columnType": 0,
          "isNullable": true,
          "dartType": "String?"
        },
        {
          "__className__": "serverpod.ColumnDefinition",
          "name": "indexedAt",
          "columnType": 4,
          "isNullable": true,
          "dartType": "DateTime?"
        }
      ],
      "foreignKeys": [],
      "indexes": [
        {
          "__className__": "serverpod.IndexDefinition",
          "indexName": "file_index_pkey",
          "elements": [
            {
              "__className__": "serverpod.IndexElementDefinition",
              "type": 0,
              "definition": "id"
            }
          ],
          "type": "btree",
          "isUnique": true,
          "isPrimary": true
        },
        {
          "__className__": "serverpod.IndexDefinition",
          "indexName": "file_index_path_unique",
          "elements": [
            {
              "__className__": "serverpod.IndexElementDefinition",
              "type": 0,
              "definition": "path"
            }
          ],
          "type": "btree",
          "isUnique": true,
          "isPrimary": false
        },
        {
          "__className__": "serverpod.IndexDefinition",
          "indexName": "file_index_content_hash",
          "elements": [
            {
              "__className__": "serverpod.IndexElementDefinition",
              "type": 0,
              "definition": "contentHash"
            }
          ],
          "type": "btree",
          "isUnique": false,
          "isPrimary": false
        },
        {
          "__className__": "serverpod.IndexDefinition",
          "indexName": "file_index_status",
          "elements": [
            {
              "__className__": "serverpod.IndexElementDefinition",
              "type": 0,
              "definition": "status"
            }
          ],
          "type": "btree",
          "isUnique": false,
          "isPrimary": false
        },
        {
          "__className__": "serverpod.IndexDefinition",
          "indexName": "file_index_category",
          "elements": [
            {
              "__className__": "serverpod.IndexElementDefinition",
              "type": 0,
              "definition": "documentCategory"
            }
          ],
          "type": "btree",
          "isUnique": false,
          "isPrimary": false
        }
      ],
      "managed": true
    },
    {
      "__className__": "serverpod.TableDefinition",
      "name": "ignore_pattern",
      "dartName": "IgnorePattern",
      "module": "semantic_butler",
      "schema": "public",
      "columns": [
        {
          "__className__": "serverpod.ColumnDefinition",
          "name": "id",
          "columnType": 6,
          "isNullable": false,
          "columnDefault": "nextval('ignore_pattern_id_seq'::regclass)",
          "dartType": "int?"
        },
        {
          "__className__": "serverpod.ColumnDefinition",
          "name": "pattern",
          "columnType": 0,
          "isNullable": false,
          "dartType": "String"
        },
        {
          "__className__": "serverpod.ColumnDefinition",
          "name": "patternType",
          "columnType": 0,
          "isNullable": false,
          "dartType": "String"
        },
        {
          "__className__": "serverpod.ColumnDefinition",
          "name": "description",
          "columnType": 0,
          "isNullable": true,
          "dartType": "String?"
        },
        {
          "__className__": "serverpod.ColumnDefinition",
          "name": "createdAt",
          "columnType": 4,
          "isNullable": false,
          "dartType": "DateTime"
        }
      ],
      "foreignKeys": [],
      "indexes": [
        {
          "__className__": "serverpod.IndexDefinition",
          "indexName": "ignore_pattern_pkey",
          "elements": [
            {
              "__className__": "serverpod.IndexElementDefinition",
              "type": 0,
              "definition": "id"
            }
          ],
          "type": "btree",
          "isUnique": true,
          "isPrimary": true
        },
        {
          "__className__": "serverpod.IndexDefinition",
          "indexName": "ignore_pattern_unique",
          "elements": [
            {
              "__className__": "serverpod.IndexElementDefinition",
              "type": 0,
              "definition": "pattern"
            }
          ],
          "type": "btree",
          "isUnique": true,
          "isPrimary": false
        }
      ],
      "managed": true
    },
    {
      "__className__": "serverpod.TableDefinition",
      "name": "indexing_job",
      "dartName": "IndexingJob",
      "module": "semantic_butler",
      "schema": "public",
      "columns": [
        {
          "__className__": "serverpod.ColumnDefinition",
          "name": "id",
          "columnType": 6,
          "isNullable": false,
          "columnDefault": "nextval('indexing_job_id_seq'::regclass)",
          "dartType": "int?"
        },
        {
          "__className__": "serverpod.ColumnDefinition",
          "name": "folderPath",
          "columnType": 0,
          "isNullable": false,
          "dartType": "String"
        },
        {
          "__className__": "serverpod.ColumnDefinition",
          "name": "status",
          "columnType": 0,
          "isNullable": false,
          "dartType": "String"
        },
        {
          "__className__": "serverpod.ColumnDefinition",
          "name": "totalFiles",
          "columnType": 6,
          "isNullable": false,
          "dartType": "int"
        },
        {
          "__className__": "serverpod.ColumnDefinition",
          "name": "processedFiles",
          "columnType": 6,
          "isNullable": false,
          "dartType": "int"
        },
        {
          "__className__": "serverpod.ColumnDefinition",
          "name": "failedFiles",
          "columnType": 6,
          "isNullable": false,
          "dartType": "int"
        },
        {
          "__className__": "serverpod.ColumnDefinition",
          "name": "skippedFiles",
          "columnType": 6,
          "isNullable": false,
          "dartType": "int"
        },
        {
          "__className__": "serverpod.ColumnDefinition",
          "name": "startedAt",
          "columnType": 4,
          "isNullable": true,
          "dartType": "DateTime?"
        },
        {
          "__className__": "serverpod.ColumnDefinition",
          "name": "completedAt",
          "columnType": 4,
          "isNullable": true,
          "dartType": "DateTime?"
        },
        {
          "__className__": "serverpod.ColumnDefinition",
          "name": "errorMessage",
          "columnType": 0,
          "isNullable": true,
          "dartType": "String?"
        }
      ],
      "foreignKeys": [],
      "indexes": [
        {
          "__className__": "serverpod.IndexDefinition",
          "indexName": "indexing_job_pkey",
          "elements": [
            {
              "__className__": "serverpod.IndexElementDefinition",
              "type": 0,
              "definition": "id"
            }
          ],
          "type": "btree",
          "isUnique": true,
          "isPrimary": true
        },
        {
          "__className__": "serverpod.IndexDefinition",
          "indexName": "indexing_job_status",
          "elements": [
            {
              "__className__": "serverpod.IndexElementDefinition",
              "type": 0,
              "definition": "status"
            }
          ],
          "type": "btree",
          "isUnique": false,
          "isPrimary": false
        },
        {
          "__className__": "serverpod.IndexDefinition",
          "indexName": "indexing_job_folder",
          "elements": [
            {
              "__className__": "serverpod.IndexElementDefinition",
              "type": 0,
              "definition": "folderPath"
            }
          ],
          "type": "btree",
          "isUnique": false,
          "isPrimary": false
        }
      ],
      "managed": true
    },
    {
      "__className__": "serverpod.TableDefinition",
      "name": "indexing_job_detail",
      "dartName": "IndexingJobDetail",
      "module": "semantic_butler",
      "schema": "public",
      "columns": [
        {
          "__className__": "serverpod.ColumnDefinition",
          "name": "id",
          "columnType": 6,
          "isNullable": false,
          "columnDefault": "nextval('indexing_job_detail_id_seq'::regclass)",
          "dartType": "int?"
        },
        {
          "__className__": "serverpod.ColumnDefinition",
          "name": "jobId",
          "columnType": 6,
          "isNullable": false,
          "dartType": "int"
        },
        {
          "__className__": "serverpod.ColumnDefinition",
          "name": "filePath",
          "columnType": 0,
          "isNullable": false,
          "dartType": "String"
        },
        {
          "__className__": "serverpod.ColumnDefinition",
          "name": "status",
          "columnType": 0,
          "isNullable": false,
          "dartType": "String"
        },
        {
          "__className__": "serverpod.ColumnDefinition",
          "name": "startedAt",
          "columnType": 4,
          "isNullable": true,
          "dartType": "DateTime?"
        },
        {
          "__className__": "serverpod.ColumnDefinition",
          "name": "completedAt",
          "columnType": 4,
          "isNullable": true,
          "dartType": "DateTime?"
        },
        {
          "__className__": "serverpod.ColumnDefinition",
          "name": "errorMessage",
          "columnType": 0,
          "isNullable": true,
          "dartType": "String?"
        }
      ],
      "foreignKeys": [],
      "indexes": [
        {
          "__className__": "serverpod.IndexDefinition",
          "indexName": "indexing_job_detail_pkey",
          "elements": [
            {
              "__className__": "serverpod.IndexElementDefinition",
              "type": 0,
              "definition": "id"
            }
          ],
          "type": "btree",
          "isUnique": true,
          "isPrimary": true
        },
        {
          "__className__": "serverpod.IndexDefinition",
          "indexName": "idx_job_detail_job",
          "elements": [
            {
              "__className__": "serverpod.IndexElementDefinition",
              "type": 0,
              "definition": "jobId"
            }
          ],
          "type": "btree",
          "isUnique": false,
          "isPrimary": false
        },
        {
          "__className__": "serverpod.IndexDefinition",
          "indexName": "idx_job_detail_status",
          "elements": [
            {
              "__className__": "serverpod.IndexElementDefinition",
              "type": 0,
              "definition": "status"
            }
          ],
          "type": "btree",
          "isUnique": false,
          "isPrimary": false
        },
        {
          "__className__": "serverpod.IndexDefinition",
          "indexName": "idx_job_detail_path",
          "elements": [
            {
              "__className__": "serverpod.IndexElementDefinition",
              "type": 0,
              "definition": "filePath"
            }
          ],
          "type": "btree",
          "isUnique": false,
          "isPrimary": false
        }
      ],
      "managed": true
    },
    {
      "__className__": "serverpod.TableDefinition",
      "name": "search_history",
      "dartName": "SearchHistory",
      "module": "semantic_butler",
      "schema": "public",
      "columns": [
        {
          "__className__": "serverpod.ColumnDefinition",
          "name": "id",
          "columnType": 6,
          "isNullable": false,
          "columnDefault": "nextval('search_history_id_seq'::regclass)",
          "dartType": "int?"
        },
        {
          "__className__": "serverpod.ColumnDefinition",
          "name": "query",
          "columnType": 0,
          "isNullable": false,
          "dartType": "String"
        },
        {
          "__className__": "serverpod.ColumnDefinition",
          "name": "resultCount",
          "columnType": 6,
          "isNullable": false,
          "dartType": "int"
        },
        {
          "__className__": "serverpod.ColumnDefinition",
          "name": "topResultId",
          "columnType": 6,
          "isNullable": true,
          "dartType": "int?"
        },
        {
          "__className__": "serverpod.ColumnDefinition",
          "name": "queryTimeMs",
          "columnType": 6,
          "isNullable": false,
          "dartType": "int"
        },
        {
          "__className__": "serverpod.ColumnDefinition",
          "name": "searchedAt",
          "columnType": 4,
          "isNullable": false,
          "dartType": "DateTime"
        }
      ],
      "foreignKeys": [],
      "indexes": [
        {
          "__className__": "serverpod.IndexDefinition",
          "indexName": "search_history_pkey",
          "elements": [
            {
              "__className__": "serverpod.IndexElementDefinition",
              "type": 0,
              "definition": "id"
            }
          ],
          "type": "btree",
          "isUnique": true,
          "isPrimary": true
        },
        {
          "__className__": "serverpod.IndexDefinition",
          "indexName": "search_history_queried_at",
          "elements": [
            {
              "__className__": "serverpod.IndexElementDefinition",
              "type": 0,
              "definition": "searchedAt"
            }
          ],
          "type": "btree",
          "isUnique": false,
          "isPrimary": false
        }
      ],
      "managed": true
    },
    {
      "__className__": "serverpod.TableDefinition",
      "name": "serverpod_cloud_storage",
      "dartName": "CloudStorageEntry",
      "module": "serverpod",
      "schema": "public",
      "columns": [
        {
          "__className__": "serverpod.ColumnDefinition",
          "name": "id",
          "columnType": 6,
          "isNullable": false,
          "columnDefault": "nextval('serverpod_cloud_storage_id_seq'::regclass)",
          "dartType": "int?"
        },
        {
          "__className__": "serverpod.ColumnDefinition",
          "name": "storageId",
          "columnType": 0,
          "isNullable": false,
          "dartType": "String"
        },
        {
          "__className__": "serverpod.ColumnDefinition",
          "name": "path",
          "columnType": 0,
          "isNullable": false,
          "dartType": "String"
        },
        {
          "__className__": "serverpod.ColumnDefinition",
          "name": "addedTime",
          "columnType": 4,
          "isNullable": false,
          "dartType": "DateTime"
        },
        {
          "__className__": "serverpod.ColumnDefinition",
          "name": "expiration",
          "columnType": 4,
          "isNullable": true,
          "dartType": "DateTime?"
        },
        {
          "__className__": "serverpod.ColumnDefinition",
          "name": "byteData",
          "columnType": 5,
          "isNullable": false,
          "dartType": "dart:typed_data:ByteData"
        },
        {
          "__className__": "serverpod.ColumnDefinition",
          "name": "verified",
          "columnType": 1,
          "isNullable": false,
          "dartType": "bool"
        }
      ],
      "foreignKeys": [],
      "indexes": [
        {
          "__className__": "serverpod.IndexDefinition",
          "indexName": "serverpod_cloud_storage_pkey",
          "elements": [
            {
              "__className__": "serverpod.IndexElementDefinition",
              "type": 0,
              "definition": "id"
            }
          ],
          "type": "btree",
          "isUnique": true,
          "isPrimary": true
        },
        {
          "__className__": "serverpod.IndexDefinition",
          "indexName": "serverpod_cloud_storage_path_idx",
          "elements": [
            {
              "__className__": "serverpod.IndexElementDefinition",
              "type": 0,
              "definition": "storageId"
            },
            {
              "__className__": "serverpod.IndexElementDefinition",
              "type": 0,
              "definition": "path"
            }
          ],
          "type": "btree",
          "isUnique": true,
          "isPrimary": false
        },
        {
          "__className__": "serverpod.IndexDefinition",
          "indexName": "serverpod_cloud_storage_expiration",
          "elements": [
            {
              "__className__": "serverpod.IndexElementDefinition",
              "type": 0,
              "definition": "expiration"
            }
          ],
          "type": "btree",
          "isUnique": false,
          "isPrimary": false
        }
      ],
      "managed": true
    },
    {
      "__className__": "serverpod.TableDefinition",
      "name": "serverpod_cloud_storage_direct_upload",
      "dartName": "CloudStorageDirectUploadEntry",
      "module": "serverpod",
      "schema": "public",
      "columns": [
        {
          "__className__": "serverpod.ColumnDefinition",
          "name": "id",
          "columnType": 6,
          "isNullable": false,
          "columnDefault": "nextval('serverpod_cloud_storage_direct_upload_id_seq'::regclass)",
          "dartType": "int?"
        },
        {
          "__className__": "serverpod.ColumnDefinition",
          "name": "storageId",
          "columnType": 0,
          "isNullable": false,
          "dartType": "String"
        },
        {
          "__className__": "serverpod.ColumnDefinition",
          "name": "path",
          "columnType": 0,
          "isNullable": false,
          "dartType": "String"
        },
        {
          "__className__": "serverpod.ColumnDefinition",
          "name": "expiration",
          "columnType": 4,
          "isNullable": false,
          "dartType": "DateTime"
        },
        {
          "__className__": "serverpod.ColumnDefinition",
          "name": "authKey",
          "columnType": 0,
          "isNullable": false,
          "dartType": "String"
        }
      ],
      "foreignKeys": [],
      "indexes": [
        {
          "__className__": "serverpod.IndexDefinition",
          "indexName": "serverpod_cloud_storage_direct_upload_pkey",
          "elements": [
            {
              "__className__": "serverpod.IndexElementDefinition",
              "type": 0,
              "definition": "id"
            }
          ],
          "type": "btree",
          "isUnique": true,
          "isPrimary": true
        },
        {
          "__className__": "serverpod.IndexDefinition",
          "indexName": "serverpod_cloud_storage_direct_upload_storage_path",
          "elements": [
            {
              "__className__": "serverpod.IndexElementDefinition",
              "type": 0,
              "definition": "storageId"
            },
            {
              "__className__": "serverpod.IndexElementDefinition",
              "type": 0,
              "definition": "path"
            }
          ],
          "type": "btree",
          "isUnique": true,
          "isPrimary": false
        }
      ],
      "managed": true
    },
    {
      "__className__": "serverpod.TableDefinition",
      "name": "serverpod_future_call",
      "dartName": "FutureCallEntry",
      "module": "serverpod",
      "schema": "public",
      "columns": [
        {
          "__className__": "serverpod.ColumnDefinition",
          "name": "id",
          "columnType": 6,
          "isNullable": false,
          "columnDefault": "nextval('serverpod_future_call_id_seq'::regclass)",
          "dartType": "int?"
        },
        {
          "__className__": "serverpod.ColumnDefinition",
          "name": "name",
          "columnType": 0,
          "isNullable": false,
          "dartType": "String"
        },
        {
          "__className__": "serverpod.ColumnDefinition",
          "name": "time",
          "columnType": 4,
          "isNullable": false,
          "dartType": "DateTime"
        },
        {
          "__className__": "serverpod.ColumnDefinition",
          "name": "serializedObject",
          "columnType": 0,
          "isNullable": true,
          "dartType": "String?"
        },
        {
          "__className__": "serverpod.ColumnDefinition",
          "name": "serverId",
          "columnType": 0,
          "isNullable": false,
          "dartType": "String"
        },
        {
          "__className__": "serverpod.ColumnDefinition",
          "name": "identifier",
          "columnType": 0,
          "isNullable": true,
          "dartType": "String?"
        }
      ],
      "foreignKeys": [],
      "indexes": [
        {
          "__className__": "serverpod.IndexDefinition",
          "indexName": "serverpod_future_call_pkey",
          "elements": [
            {
              "__className__": "serverpod.IndexElementDefinition",
              "type": 0,
              "definition": "id"
            }
          ],
          "type": "btree",
          "isUnique": true,
          "isPrimary": true
        },
        {
          "__className__": "serverpod.IndexDefinition",
          "indexName": "serverpod_future_call_time_idx",
          "elements": [
            {
              "__className__": "serverpod.IndexElementDefinition",
              "type": 0,
              "definition": "time"
            }
          ],
          "type": "btree",
          "isUnique": false,
          "isPrimary": false
        },
        {
          "__className__": "serverpod.IndexDefinition",
          "indexName": "serverpod_future_call_serverId_idx",
          "elements": [
            {
              "__className__": "serverpod.IndexElementDefinition",
              "type": 0,
              "definition": "serverId"
            }
          ],
          "type": "btree",
          "isUnique": false,
          "isPrimary": false
        },
        {
          "__className__": "serverpod.IndexDefinition",
          "indexName": "serverpod_future_call_identifier_idx",
          "elements": [
            {
              "__className__": "serverpod.IndexElementDefinition",
              "type": 0,
              "definition": "identifier"
            }
          ],
          "type": "btree",
          "isUnique": false,
          "isPrimary": false
        }
      ],
      "managed": true
    },
    {
      "__className__": "serverpod.TableDefinition",
      "name": "serverpod_health_connection_info",
      "dartName": "ServerHealthConnectionInfo",
      "module": "serverpod",
      "schema": "public",
      "columns": [
        {
          "__className__": "serverpod.ColumnDefinition",
          "name": "id",
          "columnType": 6,
          "isNullable": false,
          "columnDefault": "nextval('serverpod_health_connection_info_id_seq'::regclass)",
          "dartType": "int?"
        },
        {
          "__className__": "serverpod.ColumnDefinition",
          "name": "serverId",
          "columnType": 0,
          "isNullable": false,
          "dartType": "String"
        },
        {
          "__className__": "serverpod.ColumnDefinition",
          "name": "timestamp",
          "columnType": 4,
          "isNullable": false,
          "dartType": "DateTime"
        },
        {
          "__className__": "serverpod.ColumnDefinition",
          "name": "active",
          "columnType": 6,
          "isNullable": false,
          "dartType": "int"
        },
        {
          "__className__": "serverpod.ColumnDefinition",
          "name": "closing",
          "columnType": 6,
          "isNullable": false,
          "dartType": "int"
        },
        {
          "__className__": "serverpod.ColumnDefinition",
          "name": "idle",
          "columnType": 6,
          "isNullable": false,
          "dartType": "int"
        },
        {
          "__className__": "serverpod.ColumnDefinition",
          "name": "granularity",
          "columnType": 6,
          "isNullable": false,
          "dartType": "int"
        }
      ],
      "foreignKeys": [],
      "indexes": [
        {
          "__className__": "serverpod.IndexDefinition",
          "indexName": "serverpod_health_connection_info_pkey",
          "elements": [
            {
              "__className__": "serverpod.IndexElementDefinition",
              "type": 0,
              "definition": "id"
            }
          ],
          "type": "btree",
          "isUnique": true,
          "isPrimary": true
        },
        {
          "__className__": "serverpod.IndexDefinition",
          "indexName": "serverpod_health_connection_info_timestamp_idx",
          "elements": [
            {
              "__className__": "serverpod.IndexElementDefinition",
              "type": 0,
              "definition": "timestamp"
            },
            {
              "__className__": "serverpod.IndexElementDefinition",
              "type": 0,
              "definition": "serverId"
            },
            {
              "__className__": "serverpod.IndexElementDefinition",
              "type": 0,
              "definition": "granularity"
            }
          ],
          "type": "btree",
          "isUnique": true,
          "isPrimary": false
        }
      ],
      "managed": true
    },
    {
      "__className__": "serverpod.TableDefinition",
      "name": "serverpod_health_metric",
      "dartName": "ServerHealthMetric",
      "module": "serverpod",
      "schema": "public",
      "columns": [
        {
          "__className__": "serverpod.ColumnDefinition",
          "name": "id",
          "columnType": 6,
          "isNullable": false,
          "columnDefault": "nextval('serverpod_health_metric_id_seq'::regclass)",
          "dartType": "int?"
        },
        {
          "__className__": "serverpod.ColumnDefinition",
          "name": "name",
          "columnType": 0,
          "isNullable": false,
          "dartType": "String"
        },
        {
          "__className__": "serverpod.ColumnDefinition",
          "name": "serverId",
          "columnType": 0,
          "isNullable": false,
          "dartType": "String"
        },
        {
          "__className__": "serverpod.ColumnDefinition",
          "name": "timestamp",
          "columnType": 4,
          "isNullable": false,
          "dartType": "DateTime"
        },
        {
          "__className__": "serverpod.ColumnDefinition",
          "name": "isHealthy",
          "columnType": 1,
          "isNullable": false,
          "dartType": "bool"
        },
        {
          "__className__": "serverpod.ColumnDefinition",
          "name": "value",
          "columnType": 3,
          "isNullable": false,
          "dartType": "double"
        },
        {
          "__className__": "serverpod.ColumnDefinition",
          "name": "granularity",
          "columnType": 6,
          "isNullable": false,
          "dartType": "int"
        }
      ],
      "foreignKeys": [],
      "indexes": [
        {
          "__className__": "serverpod.IndexDefinition",
          "indexName": "serverpod_health_metric_pkey",
          "elements": [
            {
              "__className__": "serverpod.IndexElementDefinition",
              "type": 0,
              "definition": "id"
            }
          ],
          "type": "btree",
          "isUnique": true,
          "isPrimary": true
        },
        {
          "__className__": "serverpod.IndexDefinition",
          "indexName": "serverpod_health_metric_timestamp_idx",
          "elements": [
            {
              "__className__": "serverpod.IndexElementDefinition",
              "type": 0,
              "definition": "timestamp"
            },
            {
              "__className__": "serverpod.IndexElementDefinition",
              "type": 0,
              "definition": "serverId"
            },
            {
              "__className__": "serverpod.IndexElementDefinition",
              "type": 0,
              "definition": "name"
            },
            {
              "__className__": "serverpod.IndexElementDefinition",
              "type": 0,
              "definition": "granularity"
            }
          ],
          "type": "btree",
          "isUnique": true,
          "isPrimary": false
        }
      ],
      "managed": true
    },
    {
      "__className__": "serverpod.TableDefinition",
      "name": "serverpod_log",
      "dartName": "LogEntry",
      "module": "serverpod",
      "schema": "public",
      "columns": [
        {
          "__className__": "serverpod.ColumnDefinition",
          "name": "id",
          "columnType": 6,
          "isNullable": false,
          "columnDefault": "nextval('serverpod_log_id_seq'::regclass)",
          "dartType": "int?"
        },
        {
          "__className__": "serverpod.ColumnDefinition",
          "name": "sessionLogId",
          "columnType": 6,
          "isNullable": false,
          "dartType": "int"
        },
        {
          "__className__": "serverpod.ColumnDefinition",
          "name": "messageId",
          "columnType": 6,
          "isNullable": true,
          "dartType": "int?"
        },
        {
          "__className__": "serverpod.ColumnDefinition",
          "name": "reference",
          "columnType": 0,
          "isNullable": true,
          "dartType": "String?"
        },
        {
          "__className__": "serverpod.ColumnDefinition",
          "name": "serverId",
          "columnType": 0,
          "isNullable": false,
          "dartType": "String"
        },
        {
          "__className__": "serverpod.ColumnDefinition",
          "name": "time",
          "columnType": 4,
          "isNullable": false,
          "dartType": "DateTime"
        },
        {
          "__className__": "serverpod.ColumnDefinition",
          "name": "logLevel",
          "columnType": 6,
          "isNullable": false,
          "dartType": "protocol:LogLevel"
        },
        {
          "__className__": "serverpod.ColumnDefinition",
          "name": "message",
          "columnType": 0,
          "isNullable": false,
          "dartType": "String"
        },
        {
          "__className__": "serverpod.ColumnDefinition",
          "name": "error",
          "columnType": 0,
          "isNullable": true,
          "dartType": "String?"
        },
        {
          "__className__": "serverpod.ColumnDefinition",
          "name": "stackTrace",
          "columnType": 0,
          "isNullable": true,
          "dartType": "String?"
        },
        {
          "__className__": "serverpod.ColumnDefinition",
          "name": "order",
          "columnType": 6,
          "isNullable": false,
          "dartType": "int"
        }
      ],
      "foreignKeys": [
        {
          "__className__": "serverpod.ForeignKeyDefinition",
          "constraintName": "serverpod_log_fk_0",
          "columns": [
            "sessionLogId"
          ],
          "referenceTable": "serverpod_session_log",
          "referenceTableSchema": "public",
          "referenceColumns": [
            "id"
          ],
          "onUpdate": 3,
          "onDelete": 4
        }
      ],
      "indexes": [
        {
          "__className__": "serverpod.IndexDefinition",
          "indexName": "serverpod_log_pkey",
          "elements": [
            {
              "__className__": "serverpod.IndexElementDefinition",
              "type": 0,
              "definition": "id"
            }
          ],
          "type": "btree",
          "isUnique": true,
          "isPrimary": true
        },
        {
          "__className__": "serverpod.IndexDefinition",
          "indexName": "serverpod_log_sessionLogId_idx",
          "elements": [
            {
              "__className__": "serverpod.IndexElementDefinition",
              "type": 0,
              "definition": "sessionLogId"
            }
          ],
          "type": "btree",
          "isUnique": false,
          "isPrimary": false
        }
      ],
      "managed": true
    },
    {
      "__className__": "serverpod.TableDefinition",
      "name": "serverpod_message_log",
      "dartName": "MessageLogEntry",
      "module": "serverpod",
      "schema": "public",
      "columns": [
        {
          "__className__": "serverpod.ColumnDefinition",
          "name": "id",
          "columnType": 6,
          "isNullable": false,
          "columnDefault": "nextval('serverpod_message_log_id_seq'::regclass)",
          "dartType": "int?"
        },
        {
          "__className__": "serverpod.ColumnDefinition",
          "name": "sessionLogId",
          "columnType": 6,
          "isNullable": false,
          "dartType": "int"
        },
        {
          "__className__": "serverpod.ColumnDefinition",
          "name": "serverId",
          "columnType": 0,
          "isNullable": false,
          "dartType": "String"
        },
        {
          "__className__": "serverpod.ColumnDefinition",
          "name": "messageId",
          "columnType": 6,
          "isNullable": false,
          "dartType": "int"
        },
        {
          "__className__": "serverpod.ColumnDefinition",
          "name": "endpoint",
          "columnType": 0,
          "isNullable": false,
          "dartType": "String"
        },
        {
          "__className__": "serverpod.ColumnDefinition",
          "name": "messageName",
          "columnType": 0,
          "isNullable": false,
          "dartType": "String"
        },
        {
          "__className__": "serverpod.ColumnDefinition",
          "name": "duration",
          "columnType": 3,
          "isNullable": false,
          "dartType": "double"
        },
        {
          "__className__": "serverpod.ColumnDefinition",
          "name": "error",
          "columnType": 0,
          "isNullable": true,
          "dartType": "String?"
        },
        {
          "__className__": "serverpod.ColumnDefinition",
          "name": "stackTrace",
          "columnType": 0,
          "isNullable": true,
          "dartType": "String?"
        },
        {
          "__className__": "serverpod.ColumnDefinition",
          "name": "slow",
          "columnType": 1,
          "isNullable": false,
          "dartType": "bool"
        },
        {
          "__className__": "serverpod.ColumnDefinition",
          "name": "order",
          "columnType": 6,
          "isNullable": false,
          "dartType": "int"
        }
      ],
      "foreignKeys": [
        {
          "__className__": "serverpod.ForeignKeyDefinition",
          "constraintName": "serverpod_message_log_fk_0",
          "columns": [
            "sessionLogId"
          ],
          "referenceTable": "serverpod_session_log",
          "referenceTableSchema": "public",
          "referenceColumns": [
            "id"
          ],
          "onUpdate": 3,
          "onDelete": 4
        }
      ],
      "indexes": [
        {
          "__className__": "serverpod.IndexDefinition",
          "indexName": "serverpod_message_log_pkey",
          "elements": [
            {
              "__className__": "serverpod.IndexElementDefinition",
              "type": 0,
              "definition": "id"
            }
          ],
          "type": "btree",
          "isUnique": true,
          "isPrimary": true
        }
      ],
      "managed": true
    },
    {
      "__className__": "serverpod.TableDefinition",
      "name": "serverpod_method",
      "dartName": "MethodInfo",
      "module": "serverpod",
      "schema": "public",
      "columns": [
        {
          "__className__": "serverpod.ColumnDefinition",
          "name": "id",
          "columnType": 6,
          "isNullable": false,
          "columnDefault": "nextval('serverpod_method_id_seq'::regclass)",
          "dartType": "int?"
        },
        {
          "__className__": "serverpod.ColumnDefinition",
          "name": "endpoint",
          "columnType": 0,
          "isNullable": false,
          "dartType": "String"
        },
        {
          "__className__": "serverpod.ColumnDefinition",
          "name": "method",
          "columnType": 0,
          "isNullable": false,
          "dartType": "String"
        }
      ],
      "foreignKeys": [],
      "indexes": [
        {
          "__className__": "serverpod.IndexDefinition",
          "indexName": "serverpod_method_pkey",
          "elements": [
            {
              "__className__": "serverpod.IndexElementDefinition",
              "type": 0,
              "definition": "id"
            }
          ],
          "type": "btree",
          "isUnique": true,
          "isPrimary": true
        },
        {
          "__className__": "serverpod.IndexDefinition",
          "indexName": "serverpod_method_endpoint_method_idx",
          "elements": [
            {
              "__className__": "serverpod.IndexElementDefinition",
              "type": 0,
              "definition": "endpoint"
            },
            {
              "__className__": "serverpod.IndexElementDefinition",
              "type": 0,
              "definition": "method"
            }
          ],
          "type": "btree",
          "isUnique": true,
          "isPrimary": false
        }
      ],
      "managed": true
    },
    {
      "__className__": "serverpod.TableDefinition",
      "name": "serverpod_migrations",
      "dartName": "DatabaseMigrationVersion",
      "module": "serverpod",
      "schema": "public",
      "columns": [
        {
          "__className__": "serverpod.ColumnDefinition",
          "name": "id",
          "columnType": 6,
          "isNullable": false,
          "columnDefault": "nextval('serverpod_migrations_id_seq'::regclass)",
          "dartType": "int?"
        },
        {
          "__className__": "serverpod.ColumnDefinition",
          "name": "module",
          "columnType": 0,
          "isNullable": false,
          "dartType": "String"
        },
        {
          "__className__": "serverpod.ColumnDefinition",
          "name": "version",
          "columnType": 0,
          "isNullable": false,
          "dartType": "String"
        },
        {
          "__className__": "serverpod.ColumnDefinition",
          "name": "timestamp",
          "columnType": 4,
          "isNullable": true,
          "dartType": "DateTime?"
        }
      ],
      "foreignKeys": [],
      "indexes": [
        {
          "__className__": "serverpod.IndexDefinition",
          "indexName": "serverpod_migrations_pkey",
          "elements": [
            {
              "__className__": "serverpod.IndexElementDefinition",
              "type": 0,
              "definition": "id"
            }
          ],
          "type": "btree",
          "isUnique": true,
          "isPrimary": true
        },
        {
          "__className__": "serverpod.IndexDefinition",
          "indexName": "serverpod_migrations_ids",
          "elements": [
            {
              "__className__": "serverpod.IndexElementDefinition",
              "type": 0,
              "definition": "module"
            }
          ],
          "type": "btree",
          "isUnique": true,
          "isPrimary": false
        }
      ],
      "managed": true
    },
    {
      "__className__": "serverpod.TableDefinition",
      "name": "serverpod_query_log",
      "dartName": "QueryLogEntry",
      "module": "serverpod",
      "schema": "public",
      "columns": [
        {
          "__className__": "serverpod.ColumnDefinition",
          "name": "id",
          "columnType": 6,
          "isNullable": false,
          "columnDefault": "nextval('serverpod_query_log_id_seq'::regclass)",
          "dartType": "int?"
        },
        {
          "__className__": "serverpod.ColumnDefinition",
          "name": "serverId",
          "columnType": 0,
          "isNullable": false,
          "dartType": "String"
        },
        {
          "__className__": "serverpod.ColumnDefinition",
          "name": "sessionLogId",
          "columnType": 6,
          "isNullable": false,
          "dartType": "int"
        },
        {
          "__className__": "serverpod.ColumnDefinition",
          "name": "messageId",
          "columnType": 6,
          "isNullable": true,
          "dartType": "int?"
        },
        {
          "__className__": "serverpod.ColumnDefinition",
          "name": "query",
          "columnType": 0,
          "isNullable": false,
          "dartType": "String"
        },
        {
          "__className__": "serverpod.ColumnDefinition",
          "name": "duration",
          "columnType": 3,
          "isNullable": false,
          "dartType": "double"
        },
        {
          "__className__": "serverpod.ColumnDefinition",
          "name": "numRows",
          "columnType": 6,
          "isNullable": true,
          "dartType": "int?"
        },
        {
          "__className__": "serverpod.ColumnDefinition",
          "name": "error",
          "columnType": 0,
          "isNullable": true,
          "dartType": "String?"
        },
        {
          "__className__": "serverpod.ColumnDefinition",
          "name": "stackTrace",
          "columnType": 0,
          "isNullable": true,
          "dartType": "String?"
        },
        {
          "__className__": "serverpod.ColumnDefinition",
          "name": "slow",
          "columnType": 1,
          "isNullable": false,
          "dartType": "bool"
        },
        {
          "__className__": "serverpod.ColumnDefinition",
          "name": "order",
          "columnType": 6,
          "isNullable": false,
          "dartType": "int"
        }
      ],
      "foreignKeys": [
        {
          "__className__": "serverpod.ForeignKeyDefinition",
          "constraintName": "serverpod_query_log_fk_0",
          "columns": [
            "sessionLogId"
          ],
          "referenceTable": "serverpod_session_log",
          "referenceTableSchema": "public",
          "referenceColumns": [
            "id"
          ],
          "onUpdate": 3,
          "onDelete": 4
        }
      ],
      "indexes": [
        {
          "__className__": "serverpod.IndexDefinition",
          "indexName": "serverpod_query_log_pkey",
          "elements": [
            {
              "__className__": "serverpod.IndexElementDefinition",
              "type": 0,
              "definition": "id"
            }
          ],
          "type": "btree",
          "isUnique": true,
          "isPrimary": true
        },
        {
          "__className__": "serverpod.IndexDefinition",
          "indexName": "serverpod_query_log_sessionLogId_idx",
          "elements": [
            {
              "__className__": "serverpod.IndexElementDefinition",
              "type": 0,
              "definition": "sessionLogId"
            }
          ],
          "type": "btree",
          "isUnique": false,
          "isPrimary": false
        }
      ],
      "managed": true
    },
    {
      "__className__": "serverpod.TableDefinition",
      "name": "serverpod_readwrite_test",
      "dartName": "ReadWriteTestEntry",
      "module": "serverpod",
      "schema": "public",
      "columns": [
        {
          "__className__": "serverpod.ColumnDefinition",
          "name": "id",
          "columnType": 6,
          "isNullable": false,
          "columnDefault": "nextval('serverpod_readwrite_test_id_seq'::regclass)",
          "dartType": "int?"
        },
        {
          "__className__": "serverpod.ColumnDefinition",
          "name": "number",
          "columnType": 6,
          "isNullable": false,
          "dartType": "int"
        }
      ],
      "foreignKeys": [],
      "indexes": [
        {
          "__className__": "serverpod.IndexDefinition",
          "indexName": "serverpod_readwrite_test_pkey",
          "elements": [
            {
              "__className__": "serverpod.IndexElementDefinition",
              "type": 0,
              "definition": "id"
            }
          ],
          "type": "btree",
          "isUnique": true,
          "isPrimary": true
        }
      ],
      "managed": true
    },
    {
      "__className__": "serverpod.TableDefinition",
      "name": "serverpod_runtime_settings",
      "dartName": "RuntimeSettings",
      "module": "serverpod",
      "schema": "public",
      "columns": [
        {
          "__className__": "serverpod.ColumnDefinition",
          "name": "id",
          "columnType": 6,
          "isNullable": false,
          "columnDefault": "nextval('serverpod_runtime_settings_id_seq'::regclass)",
          "dartType": "int?"
        },
        {
          "__className__": "serverpod.ColumnDefinition",
          "name": "logSettings",
          "columnType": 8,
          "isNullable": false,
          "dartType": "protocol:LogSettings"
        },
        {
          "__className__": "serverpod.ColumnDefinition",
          "name": "logSettingsOverrides",
          "columnType": 8,
          "isNullable": false,
          "dartType": "List<protocol:LogSettingsOverride>"
        },
        {
          "__className__": "serverpod.ColumnDefinition",
          "name": "logServiceCalls",
          "columnType": 1,
          "isNullable": false,
          "dartType": "bool"
        },
        {
          "__className__": "serverpod.ColumnDefinition",
          "name": "logMalformedCalls",
          "columnType": 1,
          "isNullable": false,
          "dartType": "bool"
        }
      ],
      "foreignKeys": [],
      "indexes": [
        {
          "__className__": "serverpod.IndexDefinition",
          "indexName": "serverpod_runtime_settings_pkey",
          "elements": [
            {
              "__className__": "serverpod.IndexElementDefinition",
              "type": 0,
              "definition": "id"
            }
          ],
          "type": "btree",
          "isUnique": true,
          "isPrimary": true
        }
      ],
      "managed": true
    },
    {
      "__className__": "serverpod.TableDefinition",
      "name": "serverpod_session_log",
      "dartName": "SessionLogEntry",
      "module": "serverpod",
      "schema": "public",
      "columns": [
        {
          "__className__": "serverpod.ColumnDefinition",
          "name": "id",
          "columnType": 6,
          "isNullable": false,
          "columnDefault": "nextval('serverpod_session_log_id_seq'::regclass)",
          "dartType": "int?"
        },
        {
          "__className__": "serverpod.ColumnDefinition",
          "name": "serverId",
          "columnType": 0,
          "isNullable": false,
          "dartType": "String"
        },
        {
          "__className__": "serverpod.ColumnDefinition",
          "name": "time",
          "columnType": 4,
          "isNullable": false,
          "dartType": "DateTime"
        },
        {
          "__className__": "serverpod.ColumnDefinition",
          "name": "module",
          "columnType": 0,
          "isNullable": true,
          "dartType": "String?"
        },
        {
          "__className__": "serverpod.ColumnDefinition",
          "name": "endpoint",
          "columnType": 0,
          "isNullable": true,
          "dartType": "String?"
        },
        {
          "__className__": "serverpod.ColumnDefinition",
          "name": "method",
          "columnType": 0,
          "isNullable": true,
          "dartType": "String?"
        },
        {
          "__className__": "serverpod.ColumnDefinition",
          "name": "duration",
          "columnType": 3,
          "isNullable": true,
          "dartType": "double?"
        },
        {
          "__className__": "serverpod.ColumnDefinition",
          "name": "numQueries",
          "columnType": 6,
          "isNullable": true,
          "dartType": "int?"
        },
        {
          "__className__": "serverpod.ColumnDefinition",
          "name": "slow",
          "columnType": 1,
          "isNullable": true,
          "dartType": "bool?"
        },
        {
          "__className__": "serverpod.ColumnDefinition",
          "name": "error",
          "columnType": 0,
          "isNullable": true,
          "dartType": "String?"
        },
        {
          "__className__": "serverpod.ColumnDefinition",
          "name": "stackTrace",
          "columnType": 0,
          "isNullable": true,
          "dartType": "String?"
        },
        {
          "__className__": "serverpod.ColumnDefinition",
          "name": "authenticatedUserId",
          "columnType": 6,
          "isNullable": true,
          "dartType": "int?"
        },
        {
          "__className__": "serverpod.ColumnDefinition",
          "name": "userId",
          "columnType": 0,
          "isNullable": true,
          "dartType": "String?"
        },
        {
          "__className__": "serverpod.ColumnDefinition",
          "name": "isOpen",
          "columnType": 1,
          "isNullable": true,
          "dartType": "bool?"
        },
        {
          "__className__": "serverpod.ColumnDefinition",
          "name": "touched",
          "columnType": 4,
          "isNullable": false,
          "dartType": "DateTime"
        }
      ],
      "foreignKeys": [],
      "indexes": [
        {
          "__className__": "serverpod.IndexDefinition",
          "indexName": "serverpod_session_log_pkey",
          "elements": [
            {
              "__className__": "serverpod.IndexElementDefinition",
              "type": 0,
              "definition": "id"
            }
          ],
          "type": "btree",
          "isUnique": true,
          "isPrimary": true
        },
        {
          "__className__": "serverpod.IndexDefinition",
          "indexName": "serverpod_session_log_serverid_idx",
          "elements": [
            {
              "__className__": "serverpod.IndexElementDefinition",
              "type": 0,
              "definition": "serverId"
            }
          ],
          "type": "btree",
          "isUnique": false,
          "isPrimary": false
        },
        {
          "__className__": "serverpod.IndexDefinition",
          "indexName": "serverpod_session_log_touched_idx",
          "elements": [
            {
              "__className__": "serverpod.IndexElementDefinition",
              "type": 0,
              "definition": "touched"
            }
          ],
          "type": "btree",
          "isUnique": false,
          "isPrimary": false
        },
        {
          "__className__": "serverpod.IndexDefinition",
          "indexName": "serverpod_session_log_isopen_idx",
          "elements": [
            {
              "__className__": "serverpod.IndexElementDefinition",
              "type": 0,
              "definition": "isOpen"
            }
          ],
          "type": "btree",
          "isUnique": false,
          "isPrimary": false
        }
      ],
      "managed": true
    }
  ],
  "installedModules": [
    {
      "__className__": "serverpod.DatabaseMigrationVersion",
      "module": "semantic_butler",
      "version": "20251221225505777"
    },
    {
      "__className__": "serverpod.DatabaseMigrationVersion",
      "module": "serverpod",
      "version": "20251208110333922-v3-0-0"
    }
  ],
  "migrationApiVersion": 1
}