{
  "__className__": "serverpod.DatabaseMigration",
  "actions": [
    {
      "__className__": "serverpod.DatabaseMigrationAction",
      "type": "createTable",
      "createTable": {
        "__className__": "serverpod.TableDefinition",
        "name": "saved_search_preset",
        "dartName": "SavedSearchPreset",
        "module": "semantic_butler",
        "schema": "public",
        "columns": [
          {
            "__className__": "serverpod.ColumnDefinition",
            "name": "id",
            "columnType": 6,
            "isNullable": false,
            "columnDefault": "nextval('saved_search_preset_id_seq'::regclass)",
            "dartType": "int?"
          },
          {
            "__className__": "serverpod.ColumnDefinition",
            "name": "name",
            "columnType": 0,
            "isNullable": false,
            "dartType": "String"
          },
          {
            "__className__": "serverpod.ColumnDefinition",
            "name": "query",
            "columnType": 0,
            "isNullable": false,
            "dartType": "String"
          },
          {
            "__className__": "serverpod.ColumnDefinition",
            "name": "category",
            "columnType": 0,
            "isNullable": true,
            "dartType": "String?"
          },
          {
            "__className__": "serverpod.ColumnDefinition",
            "name": "tags",
            "columnType": 8,
            "isNullable": true,
            "dartType": "List<String>?"
          },
          {
            "__className__": "serverpod.ColumnDefinition",
            "name": "fileTypes",
            "columnType": 8,
            "isNullable": true,
            "dartType": "List<String>?"
          },
          {
            "__className__": "serverpod.ColumnDefinition",
            "name": "dateFrom",
            "columnType": 4,
            "isNullable": true,
            "dartType": "DateTime?"
          },
          {
            "__className__": "serverpod.ColumnDefinition",
            "name": "dateTo",
            "columnType": 4,
            "isNullable": true,
            "dartType": "DateTime?"
          },
          {
            "__className__": "serverpod.ColumnDefinition",
            "name": "minSize",
            "columnType": 6,
            "isNullable": true,
            "dartType": "int?"
          },
          {
            "__className__": "serverpod.ColumnDefinition",
            "name": "maxSize",
            "columnType": 6,
            "isNullable": true,
            "dartType": "int?"
          },
          {
            "__className__": "serverpod.ColumnDefinition",
            "name": "createdAt",
            "columnType": 4,
            "isNullable": false,
            "dartType": "DateTime"
          },
          {
            "__className__": "serverpod.ColumnDefinition",
            "name": "usageCount",
            "columnType": 6,
            "isNullable": false,
            "dartType": "int"
          }
        ],
        "foreignKeys": [],
        "indexes": [
          {
            "__className__": "serverpod.IndexDefinition",
            "indexName": "saved_search_preset_pkey",
            "elements": [
              {
                "__className__": "serverpod.IndexElementDefinition",
                "type": 0,
                "definition": "id"
              }
            ],
            "type": "btree",
            "isUnique": true,
            "isPrimary": true
          }
        ],
        "managed": true
      }
    },
    {
      "__className__": "serverpod.DatabaseMigrationAction",
      "type": "alterTable",
      "alterTable": {
        "__className__": "serverpod.TableMigration",
        "name": "search_history",
        "schema": "public",
        "addColumns": [
          {
            "__className__": "serverpod.ColumnDefinition",
            "name": "searchType",
            "columnType": 0,
            "isNullable": true,
            "dartType": "String?"
          },
          {
            "__className__": "serverpod.ColumnDefinition",
            "name": "directoryContext",
            "columnType": 0,
            "isNullable": true,
            "dartType": "String?"
          }
        ],
        "deleteColumns": [],
        "modifyColumns": [],
        "addIndexes": [
          {
            "__className__": "serverpod.IndexDefinition",
            "indexName": "search_history_type",
            "elements": [
              {
                "__className__": "serverpod.IndexElementDefinition",
                "type": 0,
                "definition": "searchType"
              }
            ],
            "type": "btree",
            "isUnique": false,
            "isPrimary": false
          }
        ],
        "deleteIndexes": [],
        "addForeignKeys": [],
        "deleteForeignKeys": [],
        "warnings": []
      }
    }
  ],
  "warnings": [],
  "migrationApiVersion": 1
}