{
  "__className__": "serverpod.DatabaseDefinition",
  "moduleName": "semantic_butler",
  "tables": [],
  "installedModules": [
    {
      "__className__": "serverpod.DatabaseMigrationVersion",
      "module": "serverpod",
      "version": "20251208110333922-v3-0-0"
    },
    {
      "__className__": "serverpod.DatabaseMigrationVersion",
      "module": "serverpod_auth_idp",
      "version": "20251208110420531-v3-0-0"
    },
    {
      "__className__": "serverpod.DatabaseMigrationVersion",
      "module": "serverpod_auth_core",
      "version": "20251208110412389-v3-0-0"
    }
  ],
  "migrationApiVersion": 1
}