{
  "__className__": "serverpod.DatabaseMigration",
  "actions": [
    {
      "__className__": "serverpod.DatabaseMigrationAction",
      "type": "deleteTable",
      "deleteTable": "serverpod_auth_core_user"
    },
    {
      "__className__": "serverpod.DatabaseMigrationAction",
      "type": "deleteTable",
      "deleteTable": "serverpod_auth_core_session"
    },
    {
      "__className__": "serverpod.DatabaseMigrationAction",
      "type": "deleteTable",
      "deleteTable": "serverpod_auth_core_profile_image"
    },
    {
      "__className__": "serverpod.DatabaseMigrationAction",
      "type": "deleteTable",
      "deleteTable": "serverpod_auth_core_profile"
    },
    {
      "__className__": "serverpod.DatabaseMigrationAction",
      "type": "deleteTable",
      "deleteTable": "serverpod_auth_core_jwt_refresh_token"
    },
    {
      "__className__": "serverpod.DatabaseMigrationAction",
      "type": "deleteTable",
      "deleteTable": "serverpod_auth_idp_secret_challenge"
    },
    {
      "__className__": "serverpod.DatabaseMigrationAction",
      "type": "deleteTable",
      "deleteTable": "serverpod_auth_idp_rate_limited_request_attempt"
    },
    {
      "__className__": "serverpod.DatabaseMigrationAction",
      "type": "deleteTable",
      "deleteTable": "serverpod_auth_idp_passkey_challenge"
    },
    {
      "__className__": "serverpod.DatabaseMigrationAction",
      "type": "deleteTable",
      "deleteTable": "serverpod_auth_idp_passkey_account"
    },
    {
      "__className__": "serverpod.DatabaseMigrationAction",
      "type": "deleteTable",
      "deleteTable": "serverpod_auth_idp_google_account"
    },
    {
      "__className__": "serverpod.DatabaseMigrationAction",
      "type": "deleteTable",
      "deleteTable": "serverpod_auth_idp_email_account_request"
    },
    {
      "__className__": "serverpod.DatabaseMigrationAction",
      "type": "deleteTable",
      "deleteTable": "serverpod_auth_idp_email_account_password_reset_request"
    },
    {
      "__className__": "serverpod.DatabaseMigrationAction",
      "type": "deleteTable",
      "deleteTable": "serverpod_auth_idp_email_account"
    },
    {
      "__className__": "serverpod.DatabaseMigrationAction",
      "type": "deleteTable",
      "deleteTable": "serverpod_auth_idp_apple_account"
    },
    {
      "__className__": "serverpod.DatabaseMigrationAction",
      "type": "createTable",
      "createTable": {
        "__className__": "serverpod.TableDefinition",
        "name": "agent_file_command",
        "dartName": "AgentFileCommand",
        "module": "semantic_butler",
        "schema": "public",
        "columns": [
          {
            "__className__": "serverpod.ColumnDefinition",
            "name": "id",
            "columnType": 6,
            "isNullable": false,
            "columnDefault": "nextval('agent_file_command_id_seq'::regclass)",
            "dartType": "int?"
          },
          {
            "__className__": "serverpod.ColumnDefinition",
            "name": "operation",
            "columnType": 0,
            "isNullable": false,
            "dartType": "String"
          },
          {
            "__className__": "serverpod.ColumnDefinition",
            "name": "sourcePath",
            "columnType": 0,
            "isNullable": false,
            "dartType": "String"
          },
          {
            "__className__": "serverpod.ColumnDefinition",
            "name": "destinationPath",
            "columnType": 0,
            "isNullable": true,
            "dartType": "String?"
          },
          {
            "__className__": "serverpod.ColumnDefinition",
            "name": "newName",
            "columnType": 0,
            "isNullable": true,
            "dartType": "String?"
          },
          {
            "__className__": "serverpod.ColumnDefinition",
            "name": "executedAt",
            "columnType": 4,
            "isNullable": false,
            "dartType": "DateTime"
          },
          {
            "__className__": "serverpod.ColumnDefinition",
            "name": "success",
            "columnType": 1,
            "isNullable": false,
            "dartType": "bool"
          },
          {
            "__className__": "serverpod.ColumnDefinition",
            "name": "errorMessage",
            "columnType": 0,
            "isNullable": true,
            "dartType": "String?"
          },
          {
            "__className__": "serverpod.ColumnDefinition",
            "name": "reversible",
            "columnType": 1,
            "isNullable": false,
            "dartType": "bool"
          },
          {
            "__className__": "serverpod.ColumnDefinition",
            "name": "wasUndone",
            "columnType": 1,
            "isNullable": false,
            "dartType": "bool"
          }
        ],
        "foreignKeys": [],
        "indexes": [
          {
            "__className__": "serverpod.IndexDefinition",
            "indexName": "agent_file_command_pkey",
            "elements": [
              {
                "__className__": "serverpod.IndexElementDefinition",
                "type": 0,
                "definition": "id"
              }
            ],
            "type": "btree",
            "isUnique": true,
            "isPrimary": true
          },
          {
            "__className__": "serverpod.IndexDefinition",
            "indexName": "idx_file_command_operation",
            "elements": [
              {
                "__className__": "serverpod.IndexElementDefinition",
                "type": 0,
                "definition": "operation"
              }
            ],
            "type": "btree",
            "isUnique": false,
            "isPrimary": false
          },
          {
            "__className__": "serverpod.IndexDefinition",
            "indexName": "idx_file_command_executed",
            "elements": [
              {
                "__className__": "serverpod.IndexElementDefinition",
                "type": 0,
                "definition": "executedAt"
              }
            ],
            "type": "btree",
            "isUnique": false,
            "isPrimary": false
          }
        ],
        "managed": true
      }
    },
    {
      "__className__": "serverpod.DatabaseMigrationAction",
      "type": "deleteTable",
      "deleteTable": "file_index"
    },
    {
      "__className__": "serverpod.DatabaseMigrationAction",
      "type": "createTable",
      "createTable": {
        "__className__": "serverpod.TableDefinition",
        "name": "file_index",
        "dartName": "FileIndex",
        "module": "semantic_butler",
        "schema": "public",
        "columns": [
          {
            "__className__": "serverpod.ColumnDefinition",
            "name": "id",
            "columnType": 6,
            "isNullable": false,
            "columnDefault": "nextval('file_index_id_seq'::regclass)",
            "dartType": "int?"
          },
          {
            "__className__": "serverpod.ColumnDefinition",
            "name": "path",
            "columnType": 0,
            "isNullable": false,
            "dartType": "String"
          },
          {
            "__className__": "serverpod.ColumnDefinition",
            "name": "fileName",
            "columnType": 0,
            "isNullable": false,
            "dartType": "String"
          },
          {
            "__className__": "serverpod.ColumnDefinition",
            "name": "contentHash",
            "columnType": 0,
            "isNullable": false,
            "dartType": "String"
          },
          {
            "__className__": "serverpod.ColumnDefinition",
            "name": "fileSizeBytes",
            "columnType": 6,
            "isNullable": false,
            "dartType": "int"
          },
          {
            "__className__": "serverpod.ColumnDefinition",
            "name": "mimeType",
            "columnType": 0,
            "isNullable": true,
            "dartType": "String?"
          },
          {
            "__className__": "serverpod.ColumnDefinition",
            "name": "contentPreview",
            "columnType": 0,
            "isNullable": true,
            "dartType": "String?"
          },
          {
            "__className__": "serverpod.ColumnDefinition",
            "name": "summary",
            "columnType": 0,
            "isNullable": true,
            "dartType": "String?"
          },
          {
            "__className__": "serverpod.ColumnDefinition",
            "name": "tagsJson",
            "columnType": 0,
            "isNullable": true,
            "dartType": "String?"
          },
          {
            "__className__": "serverpod.ColumnDefinition",
            "name": "documentCategory",
            "columnType": 0,
            "isNullable": true,
            "dartType": "String?"
          },
          {
            "__className__": "serverpod.ColumnDefinition",
            "name": "fileCreatedAt",
            "columnType": 4,
            "isNullable": true,
            "dartType": "DateTime?"
          },
          {
            "__className__": "serverpod.ColumnDefinition",
            "name": "fileModifiedAt",
            "columnType": 4,
            "isNullable": true,
            "dartType": "DateTime?"
          },
          {
            "__className__": "serverpod.ColumnDefinition",
            "name": "wordCount",
            "columnType": 6,
            "isNullable": true,
            "dartType": "int?"
          },
          {
            "__className__": "serverpod.ColumnDefinition",
            "name": "isTextContent",
            "columnType": 1,
            "isNullable": false,
            "dartType": "bool"
          },
          {
            "__className__": "serverpod.ColumnDefinition",
            "name": "status",
            "columnType": 0,
            "isNullable": false,
            "dartType": "String"
          },
          {
            "__className__": "serverpod.ColumnDefinition",
            "name": "errorMessage",
            "columnType": 0,
            "isNullable": true,
            "dartType": "String?"
          },
          {
            "__className__": "serverpod.ColumnDefinition",
            "name": "embeddingModel",
            "columnType": 0,
            "isNullable": true,
            "dartType": "String?"
          },
          {
            "__className__": "serverpod.ColumnDefinition",
            "name": "indexedAt",
            "columnType": 4,
            "isNullable": true,
            "dartType": "DateTime?"
          }
        ],
        "foreignKeys": [],
        "indexes": [
          {
            "__className__": "serverpod.IndexDefinition",
            "indexName": "file_index_pkey",
            "elements": [
              {
                "__className__": "serverpod.IndexElementDefinition",
                "type": 0,
                "definition": "id"
              }
            ],
            "type": "btree",
            "isUnique": true,
            "isPrimary": true
          },
          {
            "__className__": "serverpod.IndexDefinition",
            "indexName": "file_index_path_unique",
            "elements": [
              {
                "__className__": "serverpod.IndexElementDefinition",
                "type": 0,
                "definition": "path"
              }
            ],
            "type": "btree",
            "isUnique": true,
            "isPrimary": false
          },
          {
            "__className__": "serverpod.IndexDefinition",
            "indexName": "file_index_content_hash",
            "elements": [
              {
                "__className__": "serverpod.IndexElementDefinition",
                "type": 0,
                "definition": "contentHash"
              }
            ],
            "type": "btree",
            "isUnique": false,
            "isPrimary": false
          },
          {
            "__className__": "serverpod.IndexDefinition",
            "indexName": "file_index_status",
            "elements": [
              {
                "__className__": "serverpod.IndexElementDefinition",
                "type": 0,
                "definition": "status"
              }
            ],
            "type": "btree",
            "isUnique": false,
            "isPrimary": false
          },
          {
            "__className__": "serverpod.IndexDefinition",
            "indexName": "file_index_category",
            "elements": [
              {
                "__className__": "serverpod.IndexElementDefinition",
                "type": 0,
                "definition": "documentCategory"
              }
            ],
            "type": "btree",
            "isUnique": false,
            "isPrimary": false
          }
        ],
        "managed": true
      }
    },
    {
      "__className__": "serverpod.DatabaseMigrationAction",
      "type": "createTable",
      "createTable": {
        "__className__": "serverpod.TableDefinition",
        "name": "ignore_pattern",
        "dartName": "IgnorePattern",
        "module": "semantic_butler",
        "schema": "public",
        "columns": [
          {
            "__className__": "serverpod.ColumnDefinition",
            "name": "id",
            "columnType": 6,
            "isNullable": false,
            "columnDefault": "nextval('ignore_pattern_id_seq'::regclass)",
            "dartType": "int?"
          },
          {
            "__className__": "serverpod.ColumnDefinition",
            "name": "pattern",
            "columnType": 0,
            "isNullable": false,
            "dartType": "String"
          },
          {
            "__className__": "serverpod.ColumnDefinition",
            "name": "patternType",
            "columnType": 0,
            "isNullable": false,
            "dartType": "String"
          },
          {
            "__className__": "serverpod.ColumnDefinition",
            "name": "description",
            "columnType": 0,
            "isNullable": true,
            "dartType": "String?"
          },
          {
            "__className__": "serverpod.ColumnDefinition",
            "name": "createdAt",
            "columnType": 4,
            "isNullable": false,
            "dartType": "DateTime"
          }
        ],
        "foreignKeys": [],
        "indexes": [
          {
            "__className__": "serverpod.IndexDefinition",
            "indexName": "ignore_pattern_pkey",
            "elements": [
              {
                "__className__": "serverpod.IndexElementDefinition",
                "type": 0,
                "definition": "id"
              }
            ],
            "type": "btree",
            "isUnique": true,
            "isPrimary": true
          },
          {
            "__className__": "serverpod.IndexDefinition",
            "indexName": "ignore_pattern_unique",
            "elements": [
              {
                "__className__": "serverpod.IndexElementDefinition",
                "type": 0,
                "definition": "pattern"
              }
            ],
            "type": "btree",
            "isUnique": true,
            "isPrimary": false
          }
        ],
        "managed": true
      }
    },
    {
      "__className__": "serverpod.DatabaseMigrationAction",
      "type": "createTable",
      "createTable": {
        "__className__": "serverpod.TableDefinition",
        "name": "indexing_job_detail",
        "dartName": "IndexingJobDetail",
        "module": "semantic_butler",
        "schema": "public",
        "columns": [
          {
            "__className__": "serverpod.ColumnDefinition",
            "name": "id",
            "columnType": 6,
            "isNullable": false,
            "columnDefault": "nextval('indexing_job_detail_id_seq'::regclass)",
            "dartType": "int?"
          },
          {
            "__className__": "serverpod.ColumnDefinition",
            "name": "jobId",
            "columnType": 6,
            "isNullable": false,
            "dartType": "int"
          },
          {
            "__className__": "serverpod.ColumnDefinition",
            "name": "filePath",
            "columnType": 0,
            "isNullable": false,
            "dartType": "String"
          },
          {
            "__className__": "serverpod.ColumnDefinition",
            "name": "status",
            "columnType": 0,
            "isNullable": false,
            "dartType": "String"
          },
          {
            "__className__": "serverpod.ColumnDefinition",
            "name": "startedAt",
            "columnType": 4,
            "isNullable": true,
            "dartType": "DateTime?"
          },
          {
            "__className__": "serverpod.ColumnDefinition",
            "name": "completedAt",
            "columnType": 4,
            "isNullable": true,
            "dartType": "DateTime?"
          },
          {
            "__className__": "serverpod.ColumnDefinition",
            "name": "errorMessage",
            "columnType": 0,
            "isNullable": true,
            "dartType": "String?"
          }
        ],
        "foreignKeys": [],
        "indexes": [
          {
            "__className__": "serverpod.IndexDefinition",
            "indexName": "indexing_job_detail_pkey",
            "elements": [
              {
                "__className__": "serverpod.IndexElementDefinition",
                "type": 0,
                "definition": "id"
              }
            ],
            "type": "btree",
            "isUnique": true,
            "isPrimary": true
          },
          {
            "__className__": "serverpod.IndexDefinition",
            "indexName": "idx_job_detail_job",
            "elements": [
              {
                "__className__": "serverpod.IndexElementDefinition",
                "type": 0,
                "definition": "jobId"
              }
            ],
            "type": "btree",
            "isUnique": false,
            "isPrimary": false
          },
          {
            "__className__": "serverpod.IndexDefinition",
            "indexName": "idx_job_detail_status",
            "elements": [
              {
                "__className__": "serverpod.IndexElementDefinition",
                "type": 0,
                "definition": "status"
              }
            ],
            "type": "btree",
            "isUnique": false,
            "isPrimary": false
          },
          {
            "__className__": "serverpod.IndexDefinition",
            "indexName": "idx_job_detail_path",
            "elements": [
              {
                "__className__": "serverpod.IndexElementDefinition",
                "type": 0,
                "definition": "filePath"
              }
            ],
            "type": "btree",
            "isUnique": false,
            "isPrimary": false
          }
        ],
        "managed": true
      }
    }
  ],
  "warnings": [
    {
      "__className__": "serverpod.DatabaseMigrationWarning",
      "type": "tableDropped",
      "message": "Table \"serverpod_auth_core_user\" will be dropped.",
      "table": "serverpod_auth_core_user",
      "columns": [],
      "destrucive": true
    },
    {
      "__className__": "serverpod.DatabaseMigrationWarning",
      "type": "tableDropped",
      "message": "Table \"serverpod_auth_core_session\" will be dropped.",
      "table": "serverpod_auth_core_session",
      "columns": [],
      "destrucive": true
    },
    {
      "__className__": "serverpod.DatabaseMigrationWarning",
      "type": "tableDropped",
      "message": "Table \"serverpod_auth_core_profile_image\" will be dropped.",
      "table": "serverpod_auth_core_profile_image",
      "columns": [],
      "destrucive": true
    },
    {
      "__className__": "serverpod.DatabaseMigrationWarning",
      "type": "tableDropped",
      "message": "Table \"serverpod_auth_core_profile\" will be dropped.",
      "table": "serverpod_auth_core_profile",
      "columns": [],
      "destrucive": true
    },
    {
      "__className__": "serverpod.DatabaseMigrationWarning",
      "type": "tableDropped",
      "message": "Table \"serverpod_auth_core_jwt_refresh_token\" will be dropped.",
      "table": "serverpod_auth_core_jwt_refresh_token",
      "columns": [],
      "destrucive": true
    },
    {
      "__className__": "serverpod.DatabaseMigrationWarning",
      "type": "tableDropped",
      "message": "Table \"serverpod_auth_idp_secret_challenge\" will be dropped.",
      "table": "serverpod_auth_idp_secret_challenge",
      "columns": [],
      "destrucive": true
    },
    {
      "__className__": "serverpod.DatabaseMigrationWarning",
      "type": "tableDropped",
      "message": "Table \"serverpod_auth_idp_rate_limited_request_attempt\" will be dropped.",
      "table": "serverpod_auth_idp_rate_limited_request_attempt",
      "columns": [],
      "destrucive": true
    },
    {
      "__className__": "serverpod.DatabaseMigrationWarning",
      "type": "tableDropped",
      "message": "Table \"serverpod_auth_idp_passkey_challenge\" will be dropped.",
      "table": "serverpod_auth_idp_passkey_challenge",
      "columns": [],
      "destrucive": true
    },
    {
      "__className__": "serverpod.DatabaseMigrationWarning",
      "type": "tableDropped",
      "message": "Table \"serverpod_auth_idp_passkey_account\" will be dropped.",
      "table": "serverpod_auth_idp_passkey_account",
      "columns": [],
      "destrucive": true
    },
    {
      "__className__": "serverpod.DatabaseMigrationWarning",
      "type": "tableDropped",
      "message": "Table \"serverpod_auth_idp_google_account\" will be dropped.",
      "table": "serverpod_auth_idp_google_account",
      "columns": [],
      "destrucive": true
    },
    {
      "__className__": "serverpod.DatabaseMigrationWarning",
      "type": "tableDropped",
      "message": "Table \"serverpod_auth_idp_email_account_request\" will be dropped.",
      "table": "serverpod_auth_idp_email_account_request",
      "columns": [],
      "destrucive": true
    },
    {
      "__className__": "serverpod.DatabaseMigrationWarning",
      "type": "tableDropped",
      "message": "Table \"serverpod_auth_idp_email_account_password_reset_request\" will be dropped.",
      "table": "serverpod_auth_idp_email_account_password_reset_request",
      "columns": [],
      "destrucive": true
    },
    {
      "__className__": "serverpod.DatabaseMigrationWarning",
      "type": "tableDropped",
      "message": "Table \"serverpod_auth_idp_email_account\" will be dropped.",
      "table": "serverpod_auth_idp_email_account",
      "columns": [],
      "destrucive": true
    },
    {
      "__className__": "serverpod.DatabaseMigrationWarning",
      "type": "tableDropped",
      "message": "Table \"serverpod_auth_idp_apple_account\" will be dropped.",
      "table": "serverpod_auth_idp_apple_account",
      "columns": [],
      "destrucive": true
    },
    {
      "__className__": "serverpod.DatabaseMigrationWarning",
      "type": "tableDropped",
      "message": "One or more columns are added to table \"file_index\" which cannot be added in a table migration. The complete table will be deleted and recreated.",
      "table": "file_index",
      "columns": [
        "isTextContent"
      ],
      "destrucive": true
    }
  ],
  "migrationApiVersion": 1
}