{
  "__className__": "serverpod.DatabaseMigration",
  "actions": [
    {
      "__className__": "serverpod.DatabaseMigrationAction",
      "type": "createTable",
      "createTable": {
        "__className__": "serverpod.TableDefinition",
        "name": "watched_folders",
        "dartName": "WatchedFolder",
        "module": "semantic_butler",
        "schema": "public",
        "columns": [
          {
            "__className__": "serverpod.ColumnDefinition",
            "name": "id",
            "columnType": 6,
            "isNullable": false,
            "columnDefault": "nextval('watched_folders_id_seq'::regclass)",
            "dartType": "int?"
          },
          {
            "__className__": "serverpod.ColumnDefinition",
            "name": "path",
            "columnType": 0,
            "isNullable": false,
            "dartType": "String"
          },
          {
            "__className__": "serverpod.ColumnDefinition",
            "name": "isEnabled",
            "columnType": 1,
            "isNullable": false,
            "dartType": "bool"
          },
          {
            "__className__": "serverpod.ColumnDefinition",
            "name": "lastEventAt",
            "columnType": 4,
            "isNullable": true,
            "dartType": "DateTime?"
          },
          {
            "__className__": "serverpod.ColumnDefinition",
            "name": "filesWatched",
            "columnType": 6,
            "isNullable": true,
            "dartType": "int?"
          }
        ],
        "foreignKeys": [],
        "indexes": [
          {
            "__className__": "serverpod.IndexDefinition",
            "indexName": "watched_folders_pkey",
            "elements": [
              {
                "__className__": "serverpod.IndexElementDefinition",
                "type": 0,
                "definition": "id"
              }
            ],
            "type": "btree",
            "isUnique": true,
            "isPrimary": true
          }
        ],
        "managed": true
      }
    }
  ],
  "warnings": [],
  "migrationApiVersion": 1
}