{
  "__className__": "serverpod.DatabaseDefinition",
  "moduleName": "semantic_butler",
  "tables": [
    {
      "__className__": "serverpod.TableDefinition",
      "name": "agent_file_command",
      "dartName": "AgentFileCommand",
      "module": "semantic_butler",
      "schema": "public",
      "columns": [
        {
          "__className__": "serverpod.ColumnDefinition",
          "name": "id",
          "columnType": 6,
          "isNullable": false,
          "columnDefault": "nextval('agent_file_command_id_seq'::regclass)",
          "dartType": "int?"
        },
        {
          "__className__": "serverpod.ColumnDefinition",
          "name": "operation",
          "columnType": 0,
          "isNullable": false,
          "dartType": "String"
        },
        {
          "__className__": "serverpod.ColumnDefinition",
          "name": "sourcePath",
          "columnType": 0,
          "isNullable": false,
          "dartType": "String"
        },
        {
          "__className__": "serverpod.ColumnDefinition",
          "name": "destinationPath",
          "columnType": 0,
          "isNullable": true,
          "dartType": "String?"
        },
        {
          "__className__": "serverpod.ColumnDefinition",
          "name": "newName",
          "columnType": 0,
          "isNullable": true,
          "dartType": "String?"
        },
        {
          "__className__": "serverpod.ColumnDefinition",
          "name": "executedAt",
          "columnType": 4,
          "isNullable": false,
          "dartType": "DateTime"
        },
        {
          "__className__": "serverpod.ColumnDefinition",
          "name": "success",
          "columnType": 1,
          "isNullable": false,
          "dartType": "bool"
        },
        {
          "__className__": "serverpod.ColumnDefinition",
          "name": "errorMessage",
          "columnType": 0,
          "isNullable": true,
          "dartType": "String?"
        },
        {
          "__className__": "serverpod.ColumnDefinition",
          "name": "reversible",
          "columnType": 1,
          "isNullable": false,
          "dartType": "bool"
        },
        {
          "__className__": "serverpod.ColumnDefinition",
          "name": "wasUndone",
          "columnType": 1,
          "isNullable": false,
          "dartType": "bool"
        }
      ],
      "foreignKeys": [],
      "indexes": [
        {
          "__className__": "serverpod.IndexDefinition",
          "indexName": "agent_file_command_pkey",
          "elements": [
            {
              "__className__": "serverpod.IndexElementDefinition",
              "type": 0,
              "definition": "id"
            }
          ],
          "type": "btree",
          "isUnique": true,
          "isPrimary": true
        },
        {
          "__className__": "serverpod.IndexDefinition",
          "indexName": "idx_file_command_operation",
          "elements": [
            {
              "__className__": "serverpod.IndexElementDefinition",
              "type": 0,
              "definition": "operation"
            }
          ],
          "type": "btree",
          "isUnique": false,
          "isPrimary": false
        },
        {
          "__className__": "serverpod.IndexDefinition",
          "indexName": "idx_file_command_executed",
          "elements": [
            {
              "__className__": "serverpod.IndexElementDefinition",
              "type": 0,
              "definition": "executedAt"
            }
          ],
          "type": "btree",
          "isUnique": false,
          "isPrimary": false
        }
      ],
      "managed": true
    },
    {
      "__className__": "serverpod.TableDefinition",
      "name": "document_embedding",
      "dartName": "DocumentEmbedding",
      "module": "semantic_butler",
      "schema": "public",
      "columns": [
        {
          "__className__": "serverpod.ColumnDefinition",
          "name": "id",
          "columnType": 6,
          "isNullable": false,
          "columnDefault": "nextval('document_embedding_id_seq'::regclass)",
          "dartType": "int?"
        },
        {
          "__className__": "serverpod.ColumnDefinition",
          "name": "fileIndexId",
          "columnType": 6,
          "isNullable": false,
          "dartType": "int"
        },
        {
          "__className__": "serverpod.ColumnDefinition",
          "name": "chunkIndex",
          "columnType": 6,
          "isNullable": false,
          "dartType": "int"
        },
        {
          "__className__": "serverpod.ColumnDefinition",
          "name": "chunkText",
          "columnType": 0,
          "isNullable": true,
          "dartType": "String?"
        },
        {
          "__className__": "serverpod.ColumnDefinition",
          "name": "embeddingJson",
          "columnType": 0,
          "isNullable": false,
          "dartType": "String"
        },
        {
          "__className__": "serverpod.ColumnDefinition",
          "name": "dimensions",
          "columnType": 6,
          "isNullable": false,
          "dartType": "int"
        }
      ],
      "foreignKeys": [],
      "indexes": [
        {
          "__className__": "serverpod.IndexDefinition",
          "indexName": "document_embedding_pkey",
          "elements": [
            {
              "__className__": "serverpod.IndexElementDefinition",
              "type": 0,
              "definition": "id"
            }
          ],
          "type": "btree",
          "isUnique": true,
          "isPrimary": true
        },
        {
          "__className__": "serverpod.IndexDefinition",
          "indexName": "document_embedding_file_index",
          "elements": [
            {
              "__className__": "serverpod.IndexElementDefinition",
              "type": 0,
              "definition": "fileIndexId"
            }
          ],
          "type": "btree",
          "isUnique": false,
          "isPrimary": false
        },
        {
          "__className__": "serverpod.IndexDefinition",
          "indexName": "document_embedding_file_chunk",
          "elements": [
            {
              "__className__": "serverpod.IndexElementDefinition",
              "type": 0,
              "definition": "fileIndexId"
            },
            {
              "__className__": "serverpod.IndexElementDefinition",
              "type": 0,
              "definition": "chunkIndex"
            }
          ],
          "type": "btree",
          "isUnique": true,
          "isPrimary": false
        }
      ],
      "managed": true
    },
    {
      "__className__": "serverpod.TableDefinition",
      "name": "file_index",
      "dartName": "FileIndex",
      "module": "semantic_butler",
      "schema": "public",
      "columns": [
        {
          "__className__": "serverpod.ColumnDefinition",
          "name": "id",
          "columnType": 6,
          "isNullable": false,
          "columnDefault": "nextval('file_index_id_seq'::regclass)",
          "dartType": "int?"
        },
        {
          "__className__": "serverpod.ColumnDefinition",
          "name": "path",
          "columnType": 0,
          "isNullable": false,
          "dartType": "String"
        },
        {
          "__className__": "serverpod.ColumnDefinition",
          "name": "fileName",
          "columnType": 0,
          "isNullable": false,
          "dartType": "String"
        },
        {
          "__className__": "serverpod.ColumnDefinition",
          "name": "contentHash",
          "columnType": 0,
          "isNullable": false,
          "dartType": "String"
        },
        {
          "__className__": "serverpod.ColumnDefinition",
          "name": "fileSizeBytes",
          "columnType": 6,
          "isNullable": false,
          "dartType": "int"
        },
        {
          "__className__": "serverpod.ColumnDefinition",
          "name": "mimeType",
          "columnType": 0,
          "isNullable": true,
          "dartType": "String?"
        },
        {
          "__className__": "serverpod.ColumnDefinition",
          "name": "contentPreview",
          "columnType": 0,
          "isNullable": true,
          "dartType": "String?"
        },
        {
          "__className__": "serverpod.ColumnDefinition",
          "name": "summary",
          "columnType": 0,
          "isNullable": true,
          "dartType": "String?"
        },
        {
          "__className__": "serverpod.ColumnDefinition",
          "name": "tagsJson",
          "columnType": 0,
          "isNullable": true,
          "dartType": "String?"
        },
        {
          "__className__": "serverpod.ColumnDefinition",
          "name": "documentCategory",
          "columnType": 0,
          "isNullable": true,
          "dartType": "String?"
        },
        {
          "__className__": "serverpod.ColumnDefinition",
          "name": "fileCreatedAt",
          "columnType": 4,
          "isNullable": true,
          "dartType": "DateTime?"
        },
        {
          "__className__": "serverpod.ColumnDefinition",
          "name": "fileModifiedAt",
          "columnType": 4,
          "isNullable": true,
          "dartType": "DateTime?"
        },
        {
          "__className__": "serverpod.ColumnDefinition",
          "name": "wordCount",
          "columnType": 6,
          "isNullable": true,
          "dartType": "int?"
        },
        {
          "__className__": "serverpod.ColumnDefinition",
          "name": "isTextContent",
          "columnType": 1,
          "isNullable": false,
          "dartType": "bool"
        },
        {
          "__className__": "serverpod.ColumnDefinition",
          "name": "status",
          "columnType": 0,
          "isNullable": false,
          "dartType": "String"
        },
        {
          "__className__": "serverpod.ColumnDefinition",
          "name": "errorMessage",
          "columnType": 0,
          "isNullable": true,
          "dartType": "String?"
        },
        {
          "__className__": "serverpod.ColumnDefinition",
          "name": "embeddingModel",
          "columnType": 0,
          "isNullable": true,
          "dartType": "String?"
        },
        {
          "__className__": "serverpod.ColumnDefinition",
          "name": "indexedAt",
          "columnType": 4,
          "isNullable": true,
          "dartType": "DateTime?"
        }
      ],
      "foreignKeys": [],
      "indexes": [
        {
          "__className__": "serverpod.IndexDefinition",
          "indexName": "file_index_pkey",
          "elements": [
            {
              "__className__": "serverpod.IndexElementDefinition",
              "type": 0,
              "definition": "id"
            }
          ],
          "type": "btree",
          "isUnique": true,
          "isPrimary": true
        },
        {
          "__className__": "serverpod.IndexDefinition",
          "indexName": "file_index_path_unique",
          "elements": [
            {
              "__className__": "serverpod.IndexElementDefinition",
              "type": 0,
              "definition": "path"
            }
          ],
          "type": "btree",
          "isUnique": true,
          "isPrimary": false
        },
        {
          "__className__": "serverpod.IndexDefinition",
          "indexName": "file_index_content_hash",
          "elements": [
            {
              "__className__": "serverpod.IndexElementDefinition",
              "type": 0,
              "definition": "contentHash"
            }
          ],
          "type": "btree",
          "isUnique": false,
          "isPrimary": false
        },
        {
          "__className__": "serverpod.IndexDefinition",
          "indexName": "file_index_status",
          "elements": [
            {
              "__className__": "serverpod.IndexElementDefinition",
              "type": 0,
              "definition": "status"
            }
          ],
          "type": "btree",
          "isUnique": false,
          "isPrimary": false
        },
        {
          "__className__": "serverpod.IndexDefinition",
          "indexName": "file_index_category",
          "elements": [
            {
              "__className__": "serverpod.IndexElementDefinition",
              "type": 0,
              "definition": "documentCategory"
            }
          ],
          "type": "btree",
          "isUnique": false,
          "isPrimary": false
        }
      ],
      "managed": true
    },
    {
      "__className__": "serverpod.TableDefinition",
      "name": "ignore_pattern",
      "dartName": "IgnorePattern",
      "module": "semantic_butler",
      "schema": "public",
      "columns": [
        {
          "__className__": "serverpod.ColumnDefinition",
          "name": "id",
          "columnType": 6,
          "isNullable": false,
          "columnDefault": "nextval('ignore_pattern_id_seq'::regclass)",
          "dartType": "int?"
        },
        {
          "__className__": "serverpod.ColumnDefinition",
          "name": "pattern",
          "columnType": 0,
          "isNullable": false,
          "dartType": "String"
        },
        {
          "__className__": "serverpod.ColumnDefinition",
          "name": "patternType",
          "columnType": 0,
          "isNullable": false,
          "dartType": "String"
        },
        {
          "__className__": "serverpod.ColumnDefinition",
          "name": "description",
          "columnType": 0,
          "isNullable": true,
          "dartType": "String?"
        },
        {
          "__className__": "serverpod.ColumnDefinition",
          "name": "createdAt",
          "columnType": 4,
          "isNullable": false,
          "dartType": "DateTime"
        }
      ],
      "foreignKeys": [],
      "indexes": [
        {
          "__className__": "serverpod.IndexDefinition",
          "indexName": "ignore_pattern_pkey",
          "elements": [
            {
              "__className__": "serverpod.IndexElementDefinition",
              "type": 0,
              "definition": "id"
            }
          ],
          "type": "btree",
          "isUnique": true,
          "isPrimary": true
        },
        {
          "__className__": "serverpod.IndexDefinition",
          "indexName": "ignore_pattern_unique",
          "elements": [
            {
              "__className__": "serverpod.IndexElementDefinition",
              "type": 0,
              "definition": "pattern"
            }
          ],
          "type": "btree",
          "isUnique": true,
          "isPrimary": false
        }
      ],
      "managed": true
    },
    {
      "__className__": "serverpod.TableDefinition",
      "name": "indexing_job",
      "dartName": "IndexingJob",
      "module": "semantic_butler",
      "schema": "public",
      "columns": [
        {
          "__className__": "serverpod.ColumnDefinition",
          "name": "id",
          "columnType": 6,
          "isNullable": false,
          "columnDefault": "nextval('indexing_job_id_seq'::regclass)",
          "dartType": "int?"
        },
        {
          "__className__": "serverpod.ColumnDefinition",
          "name": "folderPath",
          "columnType": 0,
          "isNullable": false,
          "dartType": "String"
        },
        {
          "__className__": "serverpod.ColumnDefinition",
          "name": "status",
          "columnType": 0,
          "isNullable": false,
          "dartType": "String"
        },
        {
          "__className__": "serverpod.ColumnDefinition",
          "name": "totalFiles",
          "columnType": 6,
          "isNullable": false,
          "dartType": "int"
        },
        {
          "__className__": "serverpod.ColumnDefinition",
          "name": "processedFiles",
          "columnType": 6,
          "isNullable": false,
          "dartType": "int"
        },
        {
          "__className__": "serverpod.ColumnDefinition",
          "name": "failedFiles",
          "columnType": 6,
          "isNullable": false,
          "dartType": "int"
        },
        {
          "__className__": "serverpod.ColumnDefinition",
          "name": "skippedFiles",
          "columnType": 6,
          "isNullable": false,
          "dartType": "int"
        },
        {
          "__className__": "serverpod.ColumnDefinition",
          "name": "startedAt",
          "columnType": 4,
          "isNullable": true,
          "dartType": "DateTime?"
        },
        {
          "__className__": "serverpod.ColumnDefinition",
          "name": "completedAt",
          "columnType": 4,
          "isNullable": true,
          "dartType": "DateTime?"
        },
        {
          "__className__": "serverpod.ColumnDefinition",
          "name": "errorMessage",
          "columnType": 0,
          "isNullable": true,
          "dartType": "String?"
        }
      ],
      "foreignKeys": [],
      "indexes": [
        {
          "__className__": "serverpod.IndexDefinition",
          "indexName": "indexing_job_pkey",
          "elements": [
            {
              "__className__": "serverpod.IndexElementDefinition",
              "type": 0,
              "definition": "id"
            }
          ],
          "type": "btree",
          "isUnique": true,
          "isPrimary": true
        },
        {
          "__className__": "serverpod.IndexDefinition",
          "indexName": "indexing_job_status",
          "elements": [
            {
              "__className__": "serverpod.IndexElementDefinition",
              "type": 0,
              "definition": "status"
            }
          ],
          "type": "btree",
          "isUnique": false,
          "isPrimary": false
        },
        {
          "__className__": "serverpod.IndexDefinition",
          "indexName": "indexing_job_folder",
          "elements": [
            {
              "__className__": "serverpod.IndexElementDefinition",
              "type": 0,
              "definition": "folderPath"
            }
          ],
          "type": "btree",
          "isUnique": false,
          "isPrimary": false
        }
      ],
      "managed": true
    },
    {
      "__className__": "serverpod.TableDefinition",
      "name": "indexing_job_detail",
      "dartName": "IndexingJobDetail",
      "module": "semantic_butler",
      "schema": "public",
      "columns": [
        {
          "__className__": "serverpod.ColumnDefinition",
          "name": "id",
          "columnType": 6,
          "isNullable": false,
          "columnDefault": "nextval('indexing_job_detail_id_seq'::regclass)",
          "dartType": "int?"
        },
        {
          "__className__": "serverpod.ColumnDefinition",
          "name": "jobId",
          "columnType": 6,
          "isNullable": false,
          "dartType": "int"
        },
        {
          "__className__": "serverpod.ColumnDefinition",
          "name": "filePath",
          "columnType": 0,
          "isNullable": false,
          "dartType": "String"
        },
        {
          "__className__": "serverpod.ColumnDefinition",
          "name": "status",
          "columnType": 0,
          "isNullable": false,
          "dartType": "String"
        },
        {
          "__className__": "serverpod.ColumnDefinition",
          "name": "startedAt",
          "columnType": 4,
          "isNullable": true,
          "dartType": "DateTime?"
        },
        {
          "__className__": "serverpod.ColumnDefinition",
          "name": "completedAt",
          "columnType": 4,
          "isNullable": true,
          "dartType": "DateTime?"
        },
        {
          "__className__": "serverpod.ColumnDefinition",
          "name": "errorMessage",
          "columnType": 0,
          "isNullable": true,
          "dartType": "String?"
        }
      ],
      "foreignKeys": [],
      "indexes": [
        {
          "__className__": "serverpod.IndexDefinition",
          "indexName": "indexing_job_detail_pkey",
          "elements": [
            {
              "__className__": "serverpod.IndexElementDefinition",
              "type": 0,
              "definition": "id"
            }
          ],
          "type": "btree",
          "isUnique": true,
          "isPrimary": true
        },
        {
          "__className__": "serverpod.IndexDefinition",
          "indexName": "idx_job_detail_job",
          "elements": [
            {
              "__className__": "serverpod.IndexElementDefinition",
              "type": 0,
              "definition": "jobId"
            }
          ],
          "type": "btree",
          "isUnique": false,
          "isPrimary": false
        },
        {
          "__className__": "serverpod.IndexDefinition",
          "indexName": "idx_job_detail_status",
          "elements": [
            {
              "__className__": "serverpod.IndexElementDefinition",
              "type": 0,
              "definition": "status"
            }
          ],
          "type": "btree",
          "isUnique": false,
          "isPrimary": false
        },
        {
          "__className__": "serverpod.IndexDefinition",
          "indexName": "idx_job_detail_path",
          "elements": [
            {
              "__className__": "serverpod.IndexElementDefinition",
              "type": 0,
              "definition": "filePath"
            }
          ],
          "type": "btree",
          "isUnique": false,
          "isPrimary": false
        }
      ],
      "managed": true
    },
    {
      "__className__": "serverpod.TableDefinition",
      "name": "search_history",
      "dartName": "SearchHistory",
      "module": "semantic_butler",
      "schema": "public",
      "columns": [
        {
          "__className__": "serverpod.ColumnDefinition",
          "name": "id",
          "columnType": 6,
          "isNullable": false,
          "columnDefault": "nextval('search_history_id_seq'::regclass)",
          "dartType": "int?"
        },
        {
          "__className__": "serverpod.ColumnDefinition",
          "name": "query",
          "columnType": 0,
          "isNullable": false,
          "dartType": "String"
        },
        {
          "__className__": "serverpod.ColumnDefinition",
          "name": "resultCount",
          "columnType": 6,
          "isNullable": false,
          "dartType": "int"
        },
        {
          "__className__": "serverpod.ColumnDefinition",
          "name": "topResultId",
          "columnType": 6,
          "isNullable": true,
          "dartType": "int?"
        },
        {
          "__className__": "serverpod.ColumnDefinition",
          "name": "queryTimeMs",
          "columnType": 6,
          "isNullable": false,
          "dartType": "int"
        },
        {
          "__className__": "serverpod.ColumnDefinition",
          "name": "searchedAt",
          "columnType": 4,
          "isNullable": false,
          "dartType": "DateTime"
        }
      ],
      "foreignKeys": [],
      "indexes": [
        {
          "__className__": "serverpod.IndexDefinition",
          "indexName": "search_history_pkey",
          "elements": [
            {
              "__className__": "serverpod.IndexElementDefinition",
              "type": 0,
              "definition": "id"
            }
          ],
          "type": "btree",
          "isUnique": true,
          "isPrimary": true
        },
        {
          "__className__": "serverpod.IndexDefinition",
          "indexName": "search_history_queried_at",
          "elements": [
            {
              "__className__": "serverpod.IndexElementDefinition",
              "type": 0,
              "definition": "searchedAt"
            }
          ],
          "type": "btree",
          "isUnique": false,
          "isPrimary": false
        }
      ],
      "managed": true
    }
  ],
  "installedModules": [
    {
      "__className__": "serverpod.DatabaseMigrationVersion",
      "module": "serverpod",
      "version": "20251208110333922-v3-0-0"
    }
  ],
  "migrationApiVersion": 1
}