{
  "__className__": "serverpod.DatabaseMigration",
  "actions": [
    {
      "__className__": "serverpod.DatabaseMigrationAction",
      "type": "alterTable",
      "alterTable": {
        "__className__": "serverpod.TableMigration",
        "name": "document_embedding",
        "schema": "public",
        "addColumns": [],
        "deleteColumns": [],
        "modifyColumns": [],
        "addIndexes": [],
        "deleteIndexes": [],
        "addForeignKeys": [
          {
            "__className__": "serverpod.ForeignKeyDefinition",
            "constraintName": "document_embedding_fk_0",
            "columns": [
              "fileIndexId"
            ],
            "referenceTable": "file_index",
            "referenceTableSchema": "public",
            "referenceColumns": [
              "id"
            ],
            "onUpdate": 3,
            "onDelete": 4
          }
        ],
        "deleteForeignKeys": [],
        "warnings": []
      }
    }
  ],
  "warnings": [],
  "migrationApiVersion": 1
}