{
  "__className__": "serverpod.DatabaseMigration",
  "actions": [
    {
      "__className__": "serverpod.DatabaseMigrationAction",
      "type": "alterTable",
      "alterTable": {
        "__className__": "serverpod.TableMigration",
        "name": "file_index",
        "schema": "public",
        "addColumns": [],
        "deleteColumns": [],
        "modifyColumns": [],
        "addIndexes": [
          {
            "__className__": "serverpod.IndexDefinition",
            "indexName": "file_index_content_hash",
            "elements": [
              {
                "__className__": "serverpod.IndexElementDefinition",
                "type": 0,
                "definition": "contentHash"
              }
            ],
            "type": "btree",
            "isUnique": false,
            "isPrimary": false
          }
        ],
        "deleteIndexes": [
          "file_index_content_hash"
        ],
        "addForeignKeys": [],
        "deleteForeignKeys": [],
        "warnings": []
      }
    }
  ],
  "warnings": [],
  "migrationApiVersion": 1
}